{
  "1": [
    {
      "date": "1930-01-01",
      "MS_timber_hist_jp": 22,
      "MS_iron_hist_jp": 1,
      "MS_other_hist_jp": 1,
      "MS_minerals_hist_jp": 76
    },
    {
      "date": "1931-01-01",
      "MS_timber_hist_jp": 22,
      "MS_iron_hist_jp": 1,
      "MS_other_hist_jp": 1,
      "MS_minerals_hist_jp": 77
    },
    {
      "date": "1932-01-01",
      "MS_timber_hist_jp": 21,
      "MS_iron_hist_jp": 1,
      "MS_other_hist_jp": 1,
      "MS_minerals_hist_jp": 77
    },
    {
      "date": "1933-01-01",
      "MS_timber_hist_jp": 21,
      "MS_iron_hist_jp": 1,
      "MS_other_hist_jp": 1,
      "MS_minerals_hist_jp": 77
    },
    {
      "date": "1934-01-01",
      "MS_timber_hist_jp": 21,
      "MS_iron_hist_jp": 1,
      "MS_other_hist_jp": 1,
      "MS_minerals_hist_jp": 78
    },
    {
      "date": "1935-01-01",
      "MS_timber_hist_jp": 20,
      "MS_iron_hist_jp": 1,
      "MS_other_hist_jp": 1,
      "MS_minerals_hist_jp": 78
    },
    {
      "date": "1936-01-01",
      "MS_timber_hist_jp": 20,
      "MS_iron_hist_jp": 1,
      "MS_other_hist_jp": 1,
      "MS_minerals_hist_jp": 79
    },
    {
      "date": "1937-01-01",
      "MS_timber_hist_jp": 19,
      "MS_iron_hist_jp": 1,
      "MS_other_hist_jp": 1,
      "MS_minerals_hist_jp": 79
    },
    {
      "date": "1938-01-01",
      "MS_timber_hist_jp": 19,
      "MS_iron_hist_jp": 1,
      "MS_other_hist_jp": 1,
      "MS_minerals_hist_jp": 79
    },
    {
      "date": "1939-01-01",
      "MS_timber_hist_jp": 19,
      "MS_iron_hist_jp": 1,
      "MS_other_hist_jp": 1,
      "MS_minerals_hist_jp": 79
    },
    {
      "date": "1940-01-01",
      "MS_timber_hist_jp": 19,
      "MS_iron_hist_jp": 1,
      "MS_other_hist_jp": 1,
      "MS_minerals_hist_jp": 80
    },
    {
      "date": "1941-01-01",
      "MS_timber_hist_jp": 19,
      "MS_iron_hist_jp": 1,
      "MS_other_hist_jp": 1,
      "MS_minerals_hist_jp": 80
    },
    {
      "date": "1942-01-01",
      "MS_timber_hist_jp": 19,
      "MS_iron_hist_jp": 1,
      "MS_other_hist_jp": 1,
      "MS_minerals_hist_jp": 79
    },
    {
      "date": "1943-01-01",
      "MS_timber_hist_jp": 19,
      "MS_iron_hist_jp": 1,
      "MS_other_hist_jp": 1,
      "MS_minerals_hist_jp": 79
    },
    {
      "date": "1944-01-01",
      "MS_timber_hist_jp": 20,
      "MS_iron_hist_jp": 1,
      "MS_other_hist_jp": 1,
      "MS_minerals_hist_jp": 79
    },
    {
      "date": "1945-01-01",
      "MS_timber_hist_jp": 20,
      "MS_iron_hist_jp": 1,
      "MS_other_hist_jp": 1,
      "MS_minerals_hist_jp": 79
    },
    {
      "date": "1946-01-01",
      "MS_timber_hist_jp": 20,
      "MS_iron_hist_jp": 1,
      "MS_other_hist_jp": 1,
      "MS_minerals_hist_jp": 78
    },
    {
      "date": "1947-01-01",
      "MS_timber_hist_jp": 20,
      "MS_iron_hist_jp": 1,
      "MS_other_hist_jp": 1,
      "MS_minerals_hist_jp": 78
    },
    {
      "date": "1948-01-01",
      "MS_timber_hist_jp": 20,
      "MS_iron_hist_jp": 1,
      "MS_other_hist_jp": 1,
      "MS_minerals_hist_jp": 78
    },
    {
      "date": "1949-01-01",
      "MS_timber_hist_jp": 20,
      "MS_iron_hist_jp": 1,
      "MS_other_hist_jp": 1,
      "MS_minerals_hist_jp": 78
    },
    {
      "date": "1950-01-01",
      "MS_timber_hist_jp": 20,
      "MS_iron_hist_jp": 1,
      "MS_other_hist_jp": 1,
      "MS_minerals_hist_jp": 78
    },
    {
      "date": "1951-01-01",
      "MS_timber_hist_jp": 20,
      "MS_iron_hist_jp": 1,
      "MS_other_hist_jp": 1,
      "MS_minerals_hist_jp": 78
    },
    {
      "date": "1952-01-01",
      "MS_timber_hist_jp": 20,
      "MS_iron_hist_jp": 1,
      "MS_other_hist_jp": 1,
      "MS_minerals_hist_jp": 78
    },
    {
      "date": "1953-01-01",
      "MS_timber_hist_jp": 20,
      "MS_iron_hist_jp": 1,
      "MS_other_hist_jp": 1,
      "MS_minerals_hist_jp": 78
    },
    {
      "date": "1954-01-01",
      "MS_timber_hist_jp": 20,
      "MS_iron_hist_jp": 1,
      "MS_other_hist_jp": 1,
      "MS_minerals_hist_jp": 78
    },
    {
      "date": "1955-01-01",
      "MS_timber_hist_jp": 20,
      "MS_iron_hist_jp": 1,
      "MS_other_hist_jp": 1,
      "MS_minerals_hist_jp": 78
    },
    {
      "date": "1956-01-01",
      "MS_timber_hist_jp": 20,
      "MS_iron_hist_jp": 1,
      "MS_other_hist_jp": 1,
      "MS_minerals_hist_jp": 79
    },
    {
      "date": "1957-01-01",
      "MS_timber_hist_jp": 19,
      "MS_iron_hist_jp": 1,
      "MS_other_hist_jp": 1,
      "MS_minerals_hist_jp": 79
    },
    {
      "date": "1958-01-01",
      "MS_timber_hist_jp": 19,
      "MS_iron_hist_jp": 1,
      "MS_other_hist_jp": 1,
      "MS_minerals_hist_jp": 79
    },
    {
      "date": "1959-01-01",
      "MS_timber_hist_jp": 18,
      "MS_iron_hist_jp": 1,
      "MS_other_hist_jp": 1,
      "MS_minerals_hist_jp": 80
    },
    {
      "date": "1960-01-01",
      "MS_timber_hist_jp": 17,
      "MS_iron_hist_jp": 1,
      "MS_other_hist_jp": 1,
      "MS_minerals_hist_jp": 81
    },
    {
      "date": "1961-01-01",
      "MS_timber_hist_jp": 17,
      "MS_iron_hist_jp": 1,
      "MS_other_hist_jp": 1,
      "MS_minerals_hist_jp": 81
    },
    {
      "date": "1962-01-01",
      "MS_timber_hist_jp": 16,
      "MS_iron_hist_jp": 1,
      "MS_other_hist_jp": 1,
      "MS_minerals_hist_jp": 82
    },
    {
      "date": "1963-01-01",
      "MS_timber_hist_jp": 15,
      "MS_iron_hist_jp": 1,
      "MS_other_hist_jp": 1,
      "MS_minerals_hist_jp": 83
    },
    {
      "date": "1964-01-01",
      "MS_timber_hist_jp": 15,
      "MS_iron_hist_jp": 1,
      "MS_other_hist_jp": 1,
      "MS_minerals_hist_jp": 83
    },
    {
      "date": "1965-01-01",
      "MS_timber_hist_jp": 14,
      "MS_iron_hist_jp": 2,
      "MS_other_hist_jp": 1,
      "MS_minerals_hist_jp": 84
    },
    {
      "date": "1966-01-01",
      "MS_timber_hist_jp": 14,
      "MS_iron_hist_jp": 2,
      "MS_other_hist_jp": 1,
      "MS_minerals_hist_jp": 84
    },
    {
      "date": "1967-01-01",
      "MS_timber_hist_jp": 13,
      "MS_iron_hist_jp": 2,
      "MS_other_hist_jp": 1,
      "MS_minerals_hist_jp": 85
    },
    {
      "date": "1968-01-01",
      "MS_timber_hist_jp": 13,
      "MS_iron_hist_jp": 2,
      "MS_other_hist_jp": 0,
      "MS_minerals_hist_jp": 85
    },
    {
      "date": "1969-01-01",
      "MS_timber_hist_jp": 12,
      "MS_iron_hist_jp": 2,
      "MS_other_hist_jp": 0,
      "MS_minerals_hist_jp": 86
    },
    {
      "date": "1970-01-01",
      "MS_timber_hist_jp": 12,
      "MS_iron_hist_jp": 2,
      "MS_other_hist_jp": 0,
      "MS_minerals_hist_jp": 86
    },
    {
      "date": "1971-01-01",
      "MS_timber_hist_jp": 11,
      "MS_iron_hist_jp": 2,
      "MS_other_hist_jp": 0,
      "MS_minerals_hist_jp": 87
    },
    {
      "date": "1972-01-01",
      "MS_timber_hist_jp": 10,
      "MS_iron_hist_jp": 2,
      "MS_other_hist_jp": 0,
      "MS_minerals_hist_jp": 87
    },
    {
      "date": "1973-01-01",
      "MS_timber_hist_jp": 10,
      "MS_iron_hist_jp": 2,
      "MS_other_hist_jp": 0,
      "MS_minerals_hist_jp": 88
    },
    {
      "date": "1974-01-01",
      "MS_timber_hist_jp": 9,
      "MS_iron_hist_jp": 2,
      "MS_other_hist_jp": 0,
      "MS_minerals_hist_jp": 88
    },
    {
      "date": "1975-01-01",
      "MS_timber_hist_jp": 9,
      "MS_iron_hist_jp": 2,
      "MS_other_hist_jp": 0,
      "MS_minerals_hist_jp": 88
    },
    {
      "date": "1976-01-01",
      "MS_timber_hist_jp": 9,
      "MS_iron_hist_jp": 2,
      "MS_other_hist_jp": 0,
      "MS_minerals_hist_jp": 89
    },
    {
      "date": "1977-01-01",
      "MS_timber_hist_jp": 8,
      "MS_iron_hist_jp": 2,
      "MS_other_hist_jp": 0,
      "MS_minerals_hist_jp": 89
    },
    {
      "date": "1978-01-01",
      "MS_timber_hist_jp": 8,
      "MS_iron_hist_jp": 2,
      "MS_other_hist_jp": 0,
      "MS_minerals_hist_jp": 89
    },
    {
      "date": "1979-01-01",
      "MS_timber_hist_jp": 8,
      "MS_iron_hist_jp": 2,
      "MS_other_hist_jp": 0,
      "MS_minerals_hist_jp": 90
    },
    {
      "date": "1980-01-01",
      "MS_timber_hist_jp": 8,
      "MS_iron_hist_jp": 2,
      "MS_other_hist_jp": 0,
      "MS_minerals_hist_jp": 90
    },
    {
      "date": "1981-01-01",
      "MS_timber_hist_jp": 7,
      "MS_iron_hist_jp": 2,
      "MS_other_hist_jp": 0,
      "MS_minerals_hist_jp": 90
    },
    {
      "date": "1982-01-01",
      "MS_timber_hist_jp": 7,
      "MS_iron_hist_jp": 2,
      "MS_other_hist_jp": 0,
      "MS_minerals_hist_jp": 91
    },
    {
      "date": "1983-01-01",
      "MS_timber_hist_jp": 7,
      "MS_iron_hist_jp": 2,
      "MS_other_hist_jp": 0,
      "MS_minerals_hist_jp": 91
    },
    {
      "date": "1984-01-01",
      "MS_timber_hist_jp": 7,
      "MS_iron_hist_jp": 2,
      "MS_other_hist_jp": 0,
      "MS_minerals_hist_jp": 91
    },
    {
      "date": "1985-01-01",
      "MS_timber_hist_jp": 7,
      "MS_iron_hist_jp": 2,
      "MS_other_hist_jp": 0,
      "MS_minerals_hist_jp": 91
    },
    {
      "date": "1986-01-01",
      "MS_timber_hist_jp": 6,
      "MS_iron_hist_jp": 2,
      "MS_other_hist_jp": 0,
      "MS_minerals_hist_jp": 91
    },
    {
      "date": "1987-01-01",
      "MS_timber_hist_jp": 6,
      "MS_iron_hist_jp": 2,
      "MS_other_hist_jp": 0,
      "MS_minerals_hist_jp": 91
    },
    {
      "date": "1988-01-01",
      "MS_timber_hist_jp": 6,
      "MS_iron_hist_jp": 2,
      "MS_other_hist_jp": 0,
      "MS_minerals_hist_jp": 92
    },
    {
      "date": "1989-01-01",
      "MS_timber_hist_jp": 6,
      "MS_iron_hist_jp": 2,
      "MS_other_hist_jp": 0,
      "MS_minerals_hist_jp": 92
    },
    {
      "date": "1990-01-01",
      "MS_timber_hist_jp": 6,
      "MS_iron_hist_jp": 2,
      "MS_other_hist_jp": 0,
      "MS_minerals_hist_jp": 92
    },
    {
      "date": "1991-01-01",
      "MS_timber_hist_jp": 6,
      "MS_iron_hist_jp": 2,
      "MS_other_hist_jp": 0,
      "MS_minerals_hist_jp": 92
    },
    {
      "date": "1992-01-01",
      "MS_timber_hist_jp": 5,
      "MS_iron_hist_jp": 2,
      "MS_other_hist_jp": 0,
      "MS_minerals_hist_jp": 92
    },
    {
      "date": "1993-01-01",
      "MS_timber_hist_jp": 5,
      "MS_iron_hist_jp": 2,
      "MS_other_hist_jp": 0,
      "MS_minerals_hist_jp": 92
    },
    {
      "date": "1994-01-01",
      "MS_timber_hist_jp": 5,
      "MS_iron_hist_jp": 2,
      "MS_other_hist_jp": 0,
      "MS_minerals_hist_jp": 92
    },
    {
      "date": "1995-01-01",
      "MS_timber_hist_jp": 5,
      "MS_iron_hist_jp": 2,
      "MS_other_hist_jp": 0,
      "MS_minerals_hist_jp": 93
    },
    {
      "date": "1996-01-01",
      "MS_timber_hist_jp": 5,
      "MS_iron_hist_jp": 2,
      "MS_other_hist_jp": 0,
      "MS_minerals_hist_jp": 93
    },
    {
      "date": "1997-01-01",
      "MS_timber_hist_jp": 5,
      "MS_iron_hist_jp": 2,
      "MS_other_hist_jp": 0,
      "MS_minerals_hist_jp": 93
    },
    {
      "date": "1998-01-01",
      "MS_timber_hist_jp": 5,
      "MS_iron_hist_jp": 2,
      "MS_other_hist_jp": 0,
      "MS_minerals_hist_jp": 93
    },
    {
      "date": "1999-01-01",
      "MS_timber_hist_jp": 5,
      "MS_iron_hist_jp": 2,
      "MS_other_hist_jp": 0,
      "MS_minerals_hist_jp": 93
    },
    {
      "date": "2000-01-01",
      "MS_timber_hist_jp": 4,
      "MS_iron_hist_jp": 2,
      "MS_other_hist_jp": 0,
      "MS_minerals_hist_jp": 93
    },
    {
      "date": "2001-01-01",
      "MS_timber_hist_jp": 4,
      "MS_iron_hist_jp": 2,
      "MS_other_hist_jp": 0,
      "MS_minerals_hist_jp": 93
    },
    {
      "date": "2002-01-01",
      "MS_timber_hist_jp": 4,
      "MS_iron_hist_jp": 2,
      "MS_other_hist_jp": 0,
      "MS_minerals_hist_jp": 94
    },
    {
      "date": "2003-01-01",
      "MS_timber_hist_jp": 4,
      "MS_iron_hist_jp": 2,
      "MS_other_hist_jp": 0,
      "MS_minerals_hist_jp": 94
    },
    {
      "date": "2004-01-01",
      "MS_timber_hist_jp": 4,
      "MS_iron_hist_jp": 2,
      "MS_other_hist_jp": 0,
      "MS_minerals_hist_jp": 94
    },
    {
      "date": "2005-01-01",
      "MS_timber_hist_jp": 4,
      "MS_iron_hist_jp": 2,
      "MS_other_hist_jp": 0,
      "MS_minerals_hist_jp": 94,
      "MS_timber_sc1_jp": 4,
      "MS_iron_sc1_jp": 2,
      "MS_other_sc1_jp": 0,
      "MS_minerals_sc1_jp": 94,
      "MS_timber_sc2_jp": 4,
      "MS_iron_sc2_jp": 2,
      "MS_other_sc2_jp": 0,
      "MS_minerals_sc2_jp": 94
    },
    {
      "date": "2006-01-01",
      "MS_timber_sc1_jp": 4,
      "MS_iron_sc1_jp": 2,
      "MS_other_sc1_jp": 0,
      "MS_minerals_sc1_jp": 94,
      "MS_timber_sc2_jp": 4,
      "MS_iron_sc2_jp": 2,
      "MS_other_sc2_jp": 0,
      "MS_minerals_sc2_jp": 94
    },
    {
      "date": "2007-01-01",
      "MS_timber_sc1_jp": 4,
      "MS_iron_sc1_jp": 2,
      "MS_other_sc1_jp": 0,
      "MS_minerals_sc1_jp": 94,
      "MS_timber_sc2_jp": 4,
      "MS_iron_sc2_jp": 2,
      "MS_other_sc2_jp": 0,
      "MS_minerals_sc2_jp": 94
    },
    {
      "date": "2008-01-01",
      "MS_timber_sc1_jp": 4,
      "MS_iron_sc1_jp": 2,
      "MS_other_sc1_jp": 0,
      "MS_minerals_sc1_jp": 94,
      "MS_timber_sc2_jp": 4,
      "MS_iron_sc2_jp": 2,
      "MS_other_sc2_jp": 0,
      "MS_minerals_sc2_jp": 94
    },
    {
      "date": "2009-01-01",
      "MS_timber_sc1_jp": 4,
      "MS_iron_sc1_jp": 2,
      "MS_other_sc1_jp": 0,
      "MS_minerals_sc1_jp": 94,
      "MS_timber_sc2_jp": 4,
      "MS_iron_sc2_jp": 2,
      "MS_other_sc2_jp": 0,
      "MS_minerals_sc2_jp": 94
    },
    {
      "date": "2010-01-01",
      "MS_timber_sc1_jp": 3,
      "MS_iron_sc1_jp": 2,
      "MS_other_sc1_jp": 0,
      "MS_minerals_sc1_jp": 94,
      "MS_timber_sc2_jp": 3,
      "MS_iron_sc2_jp": 2,
      "MS_other_sc2_jp": 0,
      "MS_minerals_sc2_jp": 94
    },
    {
      "date": "2011-01-01",
      "MS_timber_sc1_jp": 3,
      "MS_iron_sc1_jp": 2,
      "MS_other_sc1_jp": 0,
      "MS_minerals_sc1_jp": 94,
      "MS_timber_sc2_jp": 3,
      "MS_iron_sc2_jp": 2,
      "MS_other_sc2_jp": 0,
      "MS_minerals_sc2_jp": 94
    },
    {
      "date": "2012-01-01",
      "MS_timber_sc1_jp": 3,
      "MS_iron_sc1_jp": 2,
      "MS_other_sc1_jp": 0,
      "MS_minerals_sc1_jp": 94,
      "MS_timber_sc2_jp": 3,
      "MS_iron_sc2_jp": 2,
      "MS_other_sc2_jp": 0,
      "MS_minerals_sc2_jp": 94
    },
    {
      "date": "2013-01-01",
      "MS_timber_sc1_jp": 3,
      "MS_iron_sc1_jp": 2,
      "MS_other_sc1_jp": 0,
      "MS_minerals_sc1_jp": 94,
      "MS_timber_sc2_jp": 3,
      "MS_iron_sc2_jp": 2,
      "MS_other_sc2_jp": 0,
      "MS_minerals_sc2_jp": 94
    },
    {
      "date": "2014-01-01",
      "MS_timber_sc1_jp": 3,
      "MS_iron_sc1_jp": 2,
      "MS_other_sc1_jp": 0,
      "MS_minerals_sc1_jp": 95,
      "MS_timber_sc2_jp": 3,
      "MS_iron_sc2_jp": 2,
      "MS_other_sc2_jp": 0,
      "MS_minerals_sc2_jp": 94
    },
    {
      "date": "2015-01-01",
      "MS_timber_sc1_jp": 3,
      "MS_iron_sc1_jp": 2,
      "MS_other_sc1_jp": 0,
      "MS_minerals_sc1_jp": 95,
      "MS_timber_sc2_jp": 3,
      "MS_iron_sc2_jp": 2,
      "MS_other_sc2_jp": 0,
      "MS_minerals_sc2_jp": 95
    },
    {
      "date": "2016-01-01",
      "MS_timber_sc1_jp": 3,
      "MS_iron_sc1_jp": 2,
      "MS_other_sc1_jp": 0,
      "MS_minerals_sc1_jp": 95,
      "MS_timber_sc2_jp": 3,
      "MS_iron_sc2_jp": 2,
      "MS_other_sc2_jp": 0,
      "MS_minerals_sc2_jp": 95
    },
    {
      "date": "2017-01-01",
      "MS_timber_sc1_jp": 3,
      "MS_iron_sc1_jp": 2,
      "MS_other_sc1_jp": 0,
      "MS_minerals_sc1_jp": 95,
      "MS_timber_sc2_jp": 3,
      "MS_iron_sc2_jp": 2,
      "MS_other_sc2_jp": 0,
      "MS_minerals_sc2_jp": 95
    },
    {
      "date": "2018-01-01",
      "MS_timber_sc1_jp": 3,
      "MS_iron_sc1_jp": 2,
      "MS_other_sc1_jp": 0,
      "MS_minerals_sc1_jp": 95,
      "MS_timber_sc2_jp": 3,
      "MS_iron_sc2_jp": 2,
      "MS_other_sc2_jp": 0,
      "MS_minerals_sc2_jp": 95
    },
    {
      "date": "2019-01-01",
      "MS_timber_sc1_jp": 3,
      "MS_iron_sc1_jp": 2,
      "MS_other_sc1_jp": 0,
      "MS_minerals_sc1_jp": 95,
      "MS_timber_sc2_jp": 3,
      "MS_iron_sc2_jp": 2,
      "MS_other_sc2_jp": 0,
      "MS_minerals_sc2_jp": 95
    },
    {
      "date": "2020-01-01",
      "MS_timber_sc1_jp": 3,
      "MS_iron_sc1_jp": 2,
      "MS_other_sc1_jp": 0,
      "MS_minerals_sc1_jp": 95,
      "MS_timber_sc2_jp": 3,
      "MS_iron_sc2_jp": 2,
      "MS_other_sc2_jp": 0,
      "MS_minerals_sc2_jp": 95
    },
    {
      "date": "2021-01-01",
      "MS_timber_sc1_jp": 3,
      "MS_iron_sc1_jp": 2,
      "MS_other_sc1_jp": 0,
      "MS_minerals_sc1_jp": 95,
      "MS_timber_sc2_jp": 3,
      "MS_iron_sc2_jp": 2,
      "MS_other_sc2_jp": 0,
      "MS_minerals_sc2_jp": 95
    },
    {
      "date": "2022-01-01",
      "MS_timber_sc1_jp": 3,
      "MS_iron_sc1_jp": 2,
      "MS_other_sc1_jp": 0,
      "MS_minerals_sc1_jp": 95,
      "MS_timber_sc2_jp": 3,
      "MS_iron_sc2_jp": 2,
      "MS_other_sc2_jp": 0,
      "MS_minerals_sc2_jp": 95
    },
    {
      "date": "2023-01-01",
      "MS_timber_sc1_jp": 3,
      "MS_iron_sc1_jp": 2,
      "MS_other_sc1_jp": 0,
      "MS_minerals_sc1_jp": 95,
      "MS_timber_sc2_jp": 3,
      "MS_iron_sc2_jp": 2,
      "MS_other_sc2_jp": 0,
      "MS_minerals_sc2_jp": 95
    },
    {
      "date": "2024-01-01",
      "MS_timber_sc1_jp": 3,
      "MS_iron_sc1_jp": 2,
      "MS_other_sc1_jp": 0,
      "MS_minerals_sc1_jp": 95,
      "MS_timber_sc2_jp": 3,
      "MS_iron_sc2_jp": 2,
      "MS_other_sc2_jp": 0,
      "MS_minerals_sc2_jp": 95
    },
    {
      "date": "2025-01-01",
      "MS_timber_sc1_jp": 3,
      "MS_iron_sc1_jp": 2,
      "MS_other_sc1_jp": 0,
      "MS_minerals_sc1_jp": 95,
      "MS_timber_sc2_jp": 3,
      "MS_iron_sc2_jp": 2,
      "MS_other_sc2_jp": 0,
      "MS_minerals_sc2_jp": 95
    },
    {
      "date": "2026-01-01",
      "MS_timber_sc1_jp": 3,
      "MS_iron_sc1_jp": 2,
      "MS_other_sc1_jp": 0,
      "MS_minerals_sc1_jp": 95,
      "MS_timber_sc2_jp": 3,
      "MS_iron_sc2_jp": 2,
      "MS_other_sc2_jp": 0,
      "MS_minerals_sc2_jp": 95
    },
    {
      "date": "2027-01-01",
      "MS_timber_sc1_jp": 2,
      "MS_iron_sc1_jp": 2,
      "MS_other_sc1_jp": 0,
      "MS_minerals_sc1_jp": 95,
      "MS_timber_sc2_jp": 2,
      "MS_iron_sc2_jp": 2,
      "MS_other_sc2_jp": 0,
      "MS_minerals_sc2_jp": 95
    },
    {
      "date": "2028-01-01",
      "MS_timber_sc1_jp": 2,
      "MS_iron_sc1_jp": 2,
      "MS_other_sc1_jp": 0,
      "MS_minerals_sc1_jp": 95,
      "MS_timber_sc2_jp": 2,
      "MS_iron_sc2_jp": 2,
      "MS_other_sc2_jp": 0,
      "MS_minerals_sc2_jp": 95
    },
    {
      "date": "2029-01-01",
      "MS_timber_sc1_jp": 2,
      "MS_iron_sc1_jp": 2,
      "MS_other_sc1_jp": 0,
      "MS_minerals_sc1_jp": 95,
      "MS_timber_sc2_jp": 2,
      "MS_iron_sc2_jp": 2,
      "MS_other_sc2_jp": 0,
      "MS_minerals_sc2_jp": 95
    },
    {
      "date": "2030-01-01",
      "MS_timber_sc1_jp": 2,
      "MS_iron_sc1_jp": 2,
      "MS_other_sc1_jp": 0,
      "MS_minerals_sc1_jp": 95,
      "MS_timber_sc2_jp": 2,
      "MS_iron_sc2_jp": 2,
      "MS_other_sc2_jp": 0,
      "MS_minerals_sc2_jp": 95
    },
    {
      "date": "2031-01-01",
      "MS_timber_sc1_jp": 2,
      "MS_iron_sc1_jp": 2,
      "MS_other_sc1_jp": 0,
      "MS_minerals_sc1_jp": 95,
      "MS_timber_sc2_jp": 2,
      "MS_iron_sc2_jp": 2,
      "MS_other_sc2_jp": 0,
      "MS_minerals_sc2_jp": 95
    },
    {
      "date": "2032-01-01",
      "MS_timber_sc1_jp": 2,
      "MS_iron_sc1_jp": 2,
      "MS_other_sc1_jp": 0,
      "MS_minerals_sc1_jp": 95,
      "MS_timber_sc2_jp": 2,
      "MS_iron_sc2_jp": 2,
      "MS_other_sc2_jp": 0,
      "MS_minerals_sc2_jp": 95
    },
    {
      "date": "2033-01-01",
      "MS_timber_sc1_jp": 2,
      "MS_iron_sc1_jp": 2,
      "MS_other_sc1_jp": 0,
      "MS_minerals_sc1_jp": 95,
      "MS_timber_sc2_jp": 2,
      "MS_iron_sc2_jp": 2,
      "MS_other_sc2_jp": 0,
      "MS_minerals_sc2_jp": 95
    },
    {
      "date": "2034-01-01",
      "MS_timber_sc1_jp": 2,
      "MS_iron_sc1_jp": 2,
      "MS_other_sc1_jp": 0,
      "MS_minerals_sc1_jp": 95,
      "MS_timber_sc2_jp": 2,
      "MS_iron_sc2_jp": 2,
      "MS_other_sc2_jp": 0,
      "MS_minerals_sc2_jp": 95
    },
    {
      "date": "2035-01-01",
      "MS_timber_sc1_jp": 2,
      "MS_iron_sc1_jp": 2,
      "MS_other_sc1_jp": 0,
      "MS_minerals_sc1_jp": 96,
      "MS_timber_sc2_jp": 2,
      "MS_iron_sc2_jp": 2,
      "MS_other_sc2_jp": 0,
      "MS_minerals_sc2_jp": 95
    },
    {
      "date": "2036-01-01",
      "MS_timber_sc1_jp": 2,
      "MS_iron_sc1_jp": 2,
      "MS_other_sc1_jp": 0,
      "MS_minerals_sc1_jp": 96,
      "MS_timber_sc2_jp": 2,
      "MS_iron_sc2_jp": 2,
      "MS_other_sc2_jp": 0,
      "MS_minerals_sc2_jp": 95
    },
    {
      "date": "2037-01-01",
      "MS_timber_sc1_jp": 2,
      "MS_iron_sc1_jp": 2,
      "MS_other_sc1_jp": 0,
      "MS_minerals_sc1_jp": 96,
      "MS_timber_sc2_jp": 2,
      "MS_iron_sc2_jp": 2,
      "MS_other_sc2_jp": 0,
      "MS_minerals_sc2_jp": 95
    },
    {
      "date": "2038-01-01",
      "MS_timber_sc1_jp": 2,
      "MS_iron_sc1_jp": 2,
      "MS_other_sc1_jp": 0,
      "MS_minerals_sc1_jp": 96,
      "MS_timber_sc2_jp": 2,
      "MS_iron_sc2_jp": 2,
      "MS_other_sc2_jp": 0,
      "MS_minerals_sc2_jp": 95
    },
    {
      "date": "2039-01-01",
      "MS_timber_sc1_jp": 2,
      "MS_iron_sc1_jp": 2,
      "MS_other_sc1_jp": 0,
      "MS_minerals_sc1_jp": 96,
      "MS_timber_sc2_jp": 2,
      "MS_iron_sc2_jp": 2,
      "MS_other_sc2_jp": 0,
      "MS_minerals_sc2_jp": 95
    },
    {
      "date": "2040-01-01",
      "MS_timber_sc1_jp": 2,
      "MS_iron_sc1_jp": 2,
      "MS_other_sc1_jp": 0,
      "MS_minerals_sc1_jp": 96,
      "MS_timber_sc2_jp": 2,
      "MS_iron_sc2_jp": 2,
      "MS_other_sc2_jp": 0,
      "MS_minerals_sc2_jp": 95
    },
    {
      "date": "2041-01-01",
      "MS_timber_sc1_jp": 2,
      "MS_iron_sc1_jp": 2,
      "MS_other_sc1_jp": 0,
      "MS_minerals_sc1_jp": 96,
      "MS_timber_sc2_jp": 2,
      "MS_iron_sc2_jp": 2,
      "MS_other_sc2_jp": 0,
      "MS_minerals_sc2_jp": 96
    },
    {
      "date": "2042-01-01",
      "MS_timber_sc1_jp": 2,
      "MS_iron_sc1_jp": 2,
      "MS_other_sc1_jp": 0,
      "MS_minerals_sc1_jp": 96,
      "MS_timber_sc2_jp": 2,
      "MS_iron_sc2_jp": 2,
      "MS_other_sc2_jp": 0,
      "MS_minerals_sc2_jp": 96
    },
    {
      "date": "2043-01-01",
      "MS_timber_sc1_jp": 2,
      "MS_iron_sc1_jp": 2,
      "MS_other_sc1_jp": 0,
      "MS_minerals_sc1_jp": 96,
      "MS_timber_sc2_jp": 2,
      "MS_iron_sc2_jp": 2,
      "MS_other_sc2_jp": 0,
      "MS_minerals_sc2_jp": 96
    },
    {
      "date": "2044-01-01",
      "MS_timber_sc1_jp": 2,
      "MS_iron_sc1_jp": 2,
      "MS_other_sc1_jp": 0,
      "MS_minerals_sc1_jp": 96,
      "MS_timber_sc2_jp": 2,
      "MS_iron_sc2_jp": 2,
      "MS_other_sc2_jp": 0,
      "MS_minerals_sc2_jp": 96
    },
    {
      "date": "2045-01-01",
      "MS_timber_sc1_jp": 2,
      "MS_iron_sc1_jp": 2,
      "MS_other_sc1_jp": 0,
      "MS_minerals_sc1_jp": 96,
      "MS_timber_sc2_jp": 2,
      "MS_iron_sc2_jp": 2,
      "MS_other_sc2_jp": 0,
      "MS_minerals_sc2_jp": 96
    },
    {
      "date": "2046-01-01",
      "MS_timber_sc1_jp": 2,
      "MS_iron_sc1_jp": 2,
      "MS_other_sc1_jp": 0,
      "MS_minerals_sc1_jp": 96,
      "MS_timber_sc2_jp": 2,
      "MS_iron_sc2_jp": 2,
      "MS_other_sc2_jp": 0,
      "MS_minerals_sc2_jp": 96
    },
    {
      "date": "2047-01-01",
      "MS_timber_sc1_jp": 2,
      "MS_iron_sc1_jp": 2,
      "MS_other_sc1_jp": 0,
      "MS_minerals_sc1_jp": 96,
      "MS_timber_sc2_jp": 2,
      "MS_iron_sc2_jp": 2,
      "MS_other_sc2_jp": 0,
      "MS_minerals_sc2_jp": 96
    },
    {
      "date": "2048-01-01",
      "MS_timber_sc1_jp": 2,
      "MS_iron_sc1_jp": 2,
      "MS_other_sc1_jp": 0,
      "MS_minerals_sc1_jp": 96,
      "MS_timber_sc2_jp": 2,
      "MS_iron_sc2_jp": 2,
      "MS_other_sc2_jp": 0,
      "MS_minerals_sc2_jp": 96
    },
    {
      "date": "2049-01-01",
      "MS_timber_sc1_jp": 2,
      "MS_iron_sc1_jp": 2,
      "MS_other_sc1_jp": 0,
      "MS_minerals_sc1_jp": 96,
      "MS_timber_sc2_jp": 2,
      "MS_iron_sc2_jp": 2,
      "MS_other_sc2_jp": 0,
      "MS_minerals_sc2_jp": 96
    },
    {
      "date": "2050-01-01",
      "MS_timber_sc1_jp": 2,
      "MS_iron_sc1_jp": 2,
      "MS_other_sc1_jp": 0,
      "MS_minerals_sc1_jp": 96,
      "MS_timber_sc2_jp": 2,
      "MS_iron_sc2_jp": 2,
      "MS_other_sc2_jp": 0,
      "MS_minerals_sc2_jp": 96
    }
  ],
  "2": [
    {
      "date": "1930-01-01",
      "GS_timber_hist_jp": 14,
      "GS_iron_hist_jp": 1,
      "GS_other_hist_jp": 1,
      "GS_minerals_hist_jp": 84,
      "RS_timber_hist_jp": 51,
      "RS_iron_hist_jp": 0,
      "RS_other_hist_jp": 1,
      "RS_minerals_hist_jp": 48
    },
    {
      "date": "1931-01-01",
      "GS_timber_hist_jp": 17,
      "GS_iron_hist_jp": 1,
      "GS_other_hist_jp": 1,
      "GS_minerals_hist_jp": 81,
      "RS_timber_hist_jp": 50,
      "RS_iron_hist_jp": 0,
      "RS_other_hist_jp": 1,
      "RS_minerals_hist_jp": 49
    },
    {
      "date": "1932-01-01",
      "GS_timber_hist_jp": 18,
      "GS_iron_hist_jp": 2,
      "GS_other_hist_jp": 1,
      "GS_minerals_hist_jp": 80,
      "RS_timber_hist_jp": 49,
      "RS_iron_hist_jp": 0,
      "RS_other_hist_jp": 1,
      "RS_minerals_hist_jp": 50
    },
    {
      "date": "1933-01-01",
      "GS_timber_hist_jp": 17,
      "GS_iron_hist_jp": 2,
      "GS_other_hist_jp": 1,
      "GS_minerals_hist_jp": 81,
      "RS_timber_hist_jp": 48,
      "RS_iron_hist_jp": 0,
      "RS_other_hist_jp": 1,
      "RS_minerals_hist_jp": 51
    },
    {
      "date": "1934-01-01",
      "GS_timber_hist_jp": 16,
      "GS_iron_hist_jp": 1,
      "GS_other_hist_jp": 1,
      "GS_minerals_hist_jp": 82,
      "RS_timber_hist_jp": 47,
      "RS_iron_hist_jp": 0,
      "RS_other_hist_jp": 1,
      "RS_minerals_hist_jp": 52
    },
    {
      "date": "1935-01-01",
      "GS_timber_hist_jp": 15,
      "GS_iron_hist_jp": 1,
      "GS_other_hist_jp": 1,
      "GS_minerals_hist_jp": 84,
      "RS_timber_hist_jp": 46,
      "RS_iron_hist_jp": 0,
      "RS_other_hist_jp": 1,
      "RS_minerals_hist_jp": 53
    },
    {
      "date": "1936-01-01",
      "GS_timber_hist_jp": 15,
      "GS_iron_hist_jp": 1,
      "GS_other_hist_jp": 1,
      "GS_minerals_hist_jp": 83,
      "RS_timber_hist_jp": 45,
      "RS_iron_hist_jp": 0,
      "RS_other_hist_jp": 1,
      "RS_minerals_hist_jp": 54
    },
    {
      "date": "1937-01-01",
      "GS_timber_hist_jp": 16,
      "GS_iron_hist_jp": 1,
      "GS_other_hist_jp": 1,
      "GS_minerals_hist_jp": 83,
      "RS_timber_hist_jp": 44,
      "RS_iron_hist_jp": 0,
      "RS_other_hist_jp": 1,
      "RS_minerals_hist_jp": 55
    },
    {
      "date": "1938-01-01",
      "GS_timber_hist_jp": 17,
      "GS_iron_hist_jp": 1,
      "GS_other_hist_jp": 1,
      "GS_minerals_hist_jp": 81,
      "RS_timber_hist_jp": 43,
      "RS_iron_hist_jp": 0,
      "RS_other_hist_jp": 1,
      "RS_minerals_hist_jp": 56
    },
    {
      "date": "1939-01-01",
      "GS_timber_hist_jp": 19,
      "GS_iron_hist_jp": 1,
      "GS_other_hist_jp": 1,
      "GS_minerals_hist_jp": 79,
      "RS_timber_hist_jp": 42,
      "RS_iron_hist_jp": 0,
      "RS_other_hist_jp": 1,
      "RS_minerals_hist_jp": 57
    },
    {
      "date": "1940-01-01",
      "GS_timber_hist_jp": 21,
      "GS_iron_hist_jp": 1,
      "GS_other_hist_jp": 1,
      "GS_minerals_hist_jp": 78,
      "RS_timber_hist_jp": 41,
      "RS_iron_hist_jp": 0,
      "RS_other_hist_jp": 1,
      "RS_minerals_hist_jp": 58
    },
    {
      "date": "1941-01-01",
      "GS_timber_hist_jp": 22,
      "GS_iron_hist_jp": 1,
      "GS_other_hist_jp": 1,
      "GS_minerals_hist_jp": 76,
      "RS_timber_hist_jp": 40,
      "RS_iron_hist_jp": 0,
      "RS_other_hist_jp": 1,
      "RS_minerals_hist_jp": 59
    },
    {
      "date": "1942-01-01",
      "GS_timber_hist_jp": 23,
      "GS_iron_hist_jp": 1,
      "GS_other_hist_jp": 1,
      "GS_minerals_hist_jp": 74,
      "RS_timber_hist_jp": 39,
      "RS_iron_hist_jp": 0,
      "RS_other_hist_jp": 1,
      "RS_minerals_hist_jp": 59
    },
    {
      "date": "1943-01-01",
      "GS_timber_hist_jp": 34,
      "GS_iron_hist_jp": 2,
      "GS_other_hist_jp": 1,
      "GS_minerals_hist_jp": 64,
      "RS_timber_hist_jp": 39,
      "RS_iron_hist_jp": 0,
      "RS_other_hist_jp": 1,
      "RS_minerals_hist_jp": 60
    },
    {
      "date": "1944-01-01",
      "GS_timber_hist_jp": 37,
      "GS_iron_hist_jp": 2,
      "GS_other_hist_jp": 1,
      "GS_minerals_hist_jp": 59,
      "RS_timber_hist_jp": 38,
      "RS_iron_hist_jp": 0,
      "RS_other_hist_jp": 1,
      "RS_minerals_hist_jp": 61
    },
    {
      "date": "1945-01-01",
      "GS_timber_hist_jp": 36,
      "GS_iron_hist_jp": 2,
      "GS_other_hist_jp": 1,
      "GS_minerals_hist_jp": 61,
      "RS_timber_hist_jp": 37,
      "RS_iron_hist_jp": 0,
      "RS_other_hist_jp": 1,
      "RS_minerals_hist_jp": 62
    },
    {
      "date": "1946-01-01",
      "GS_timber_hist_jp": 44,
      "GS_iron_hist_jp": 1,
      "GS_other_hist_jp": 1,
      "GS_minerals_hist_jp": 55,
      "RS_timber_hist_jp": 36,
      "RS_iron_hist_jp": 0,
      "RS_other_hist_jp": 1,
      "RS_minerals_hist_jp": 63
    },
    {
      "date": "1947-01-01",
      "GS_timber_hist_jp": 41,
      "GS_iron_hist_jp": 1,
      "GS_other_hist_jp": 1,
      "GS_minerals_hist_jp": 58,
      "RS_timber_hist_jp": 35,
      "RS_iron_hist_jp": 1,
      "RS_other_hist_jp": 1,
      "RS_minerals_hist_jp": 63
    },
    {
      "date": "1948-01-01",
      "GS_timber_hist_jp": 32,
      "GS_iron_hist_jp": 1,
      "GS_other_hist_jp": 1,
      "GS_minerals_hist_jp": 66,
      "RS_timber_hist_jp": 34,
      "RS_iron_hist_jp": 1,
      "RS_other_hist_jp": 1,
      "RS_minerals_hist_jp": 64
    },
    {
      "date": "1949-01-01",
      "GS_timber_hist_jp": 25,
      "GS_iron_hist_jp": 2,
      "GS_other_hist_jp": 1,
      "GS_minerals_hist_jp": 72,
      "RS_timber_hist_jp": 34,
      "RS_iron_hist_jp": 1,
      "RS_other_hist_jp": 1,
      "RS_minerals_hist_jp": 65
    },
    {
      "date": "1950-01-01",
      "GS_timber_hist_jp": 25,
      "GS_iron_hist_jp": 1,
      "GS_other_hist_jp": 0,
      "GS_minerals_hist_jp": 73,
      "RS_timber_hist_jp": 33,
      "RS_iron_hist_jp": 1,
      "RS_other_hist_jp": 1,
      "RS_minerals_hist_jp": 66
    },
    {
      "date": "1951-01-01",
      "GS_timber_hist_jp": 24,
      "GS_iron_hist_jp": 1,
      "GS_other_hist_jp": 0,
      "GS_minerals_hist_jp": 74,
      "RS_timber_hist_jp": 32,
      "RS_iron_hist_jp": 1,
      "RS_other_hist_jp": 1,
      "RS_minerals_hist_jp": 66
    },
    {
      "date": "1952-01-01",
      "GS_timber_hist_jp": 22,
      "GS_iron_hist_jp": 2,
      "GS_other_hist_jp": 1,
      "GS_minerals_hist_jp": 75,
      "RS_timber_hist_jp": 32,
      "RS_iron_hist_jp": 1,
      "RS_other_hist_jp": 1,
      "RS_minerals_hist_jp": 67
    },
    {
      "date": "1953-01-01",
      "GS_timber_hist_jp": 21,
      "GS_iron_hist_jp": 1,
      "GS_other_hist_jp": 0,
      "GS_minerals_hist_jp": 78,
      "RS_timber_hist_jp": 31,
      "RS_iron_hist_jp": 1,
      "RS_other_hist_jp": 1,
      "RS_minerals_hist_jp": 68
    },
    {
      "date": "1954-01-01",
      "GS_timber_hist_jp": 17,
      "GS_iron_hist_jp": 1,
      "GS_other_hist_jp": 0,
      "GS_minerals_hist_jp": 82,
      "RS_timber_hist_jp": 30,
      "RS_iron_hist_jp": 1,
      "RS_other_hist_jp": 1,
      "RS_minerals_hist_jp": 68
    },
    {
      "date": "1955-01-01",
      "GS_timber_hist_jp": 18,
      "GS_iron_hist_jp": 1,
      "GS_other_hist_jp": 1,
      "GS_minerals_hist_jp": 80,
      "RS_timber_hist_jp": 30,
      "RS_iron_hist_jp": 1,
      "RS_other_hist_jp": 1,
      "RS_minerals_hist_jp": 69
    },
    {
      "date": "1956-01-01",
      "GS_timber_hist_jp": 17,
      "GS_iron_hist_jp": 2,
      "GS_other_hist_jp": 1,
      "GS_minerals_hist_jp": 81,
      "RS_timber_hist_jp": 29,
      "RS_iron_hist_jp": 1,
      "RS_other_hist_jp": 1,
      "RS_minerals_hist_jp": 69
    },
    {
      "date": "1957-01-01",
      "GS_timber_hist_jp": 15,
      "GS_iron_hist_jp": 2,
      "GS_other_hist_jp": 1,
      "GS_minerals_hist_jp": 83,
      "RS_timber_hist_jp": 29,
      "RS_iron_hist_jp": 1,
      "RS_other_hist_jp": 1,
      "RS_minerals_hist_jp": 70
    },
    {
      "date": "1958-01-01",
      "GS_timber_hist_jp": 14,
      "GS_iron_hist_jp": 1,
      "GS_other_hist_jp": 0,
      "GS_minerals_hist_jp": 84,
      "RS_timber_hist_jp": 28,
      "RS_iron_hist_jp": 1,
      "RS_other_hist_jp": 1,
      "RS_minerals_hist_jp": 70
    },
    {
      "date": "1959-01-01",
      "GS_timber_hist_jp": 12,
      "GS_iron_hist_jp": 2,
      "GS_other_hist_jp": 0,
      "GS_minerals_hist_jp": 85,
      "RS_timber_hist_jp": 28,
      "RS_iron_hist_jp": 1,
      "RS_other_hist_jp": 1,
      "RS_minerals_hist_jp": 70
    },
    {
      "date": "1960-01-01",
      "GS_timber_hist_jp": 11,
      "GS_iron_hist_jp": 2,
      "GS_other_hist_jp": 0,
      "GS_minerals_hist_jp": 87,
      "RS_timber_hist_jp": 27,
      "RS_iron_hist_jp": 1,
      "RS_other_hist_jp": 1,
      "RS_minerals_hist_jp": 71
    },
    {
      "date": "1961-01-01",
      "GS_timber_hist_jp": 10,
      "GS_iron_hist_jp": 2,
      "GS_other_hist_jp": 0,
      "GS_minerals_hist_jp": 88,
      "RS_timber_hist_jp": 27,
      "RS_iron_hist_jp": 1,
      "RS_other_hist_jp": 1,
      "RS_minerals_hist_jp": 71
    },
    {
      "date": "1962-01-01",
      "GS_timber_hist_jp": 10,
      "GS_iron_hist_jp": 2,
      "GS_other_hist_jp": 0,
      "GS_minerals_hist_jp": 88,
      "RS_timber_hist_jp": 27,
      "RS_iron_hist_jp": 1,
      "RS_other_hist_jp": 1,
      "RS_minerals_hist_jp": 72
    },
    {
      "date": "1963-01-01",
      "GS_timber_hist_jp": 10,
      "GS_iron_hist_jp": 2,
      "GS_other_hist_jp": 0,
      "GS_minerals_hist_jp": 88,
      "RS_timber_hist_jp": 26,
      "RS_iron_hist_jp": 1,
      "RS_other_hist_jp": 1,
      "RS_minerals_hist_jp": 72
    },
    {
      "date": "1964-01-01",
      "GS_timber_hist_jp": 9,
      "GS_iron_hist_jp": 2,
      "GS_other_hist_jp": 0,
      "GS_minerals_hist_jp": 89,
      "RS_timber_hist_jp": 26,
      "RS_iron_hist_jp": 1,
      "RS_other_hist_jp": 1,
      "RS_minerals_hist_jp": 72
    },
    {
      "date": "1965-01-01",
      "GS_timber_hist_jp": 9,
      "GS_iron_hist_jp": 2,
      "GS_other_hist_jp": 0,
      "GS_minerals_hist_jp": 88,
      "RS_timber_hist_jp": 26,
      "RS_iron_hist_jp": 1,
      "RS_other_hist_jp": 1,
      "RS_minerals_hist_jp": 73
    },
    {
      "date": "1966-01-01",
      "GS_timber_hist_jp": 10,
      "GS_iron_hist_jp": 2,
      "GS_other_hist_jp": 0,
      "GS_minerals_hist_jp": 88,
      "RS_timber_hist_jp": 25,
      "RS_iron_hist_jp": 1,
      "RS_other_hist_jp": 1,
      "RS_minerals_hist_jp": 73
    },
    {
      "date": "1967-01-01",
      "GS_timber_hist_jp": 9,
      "GS_iron_hist_jp": 2,
      "GS_other_hist_jp": 0,
      "GS_minerals_hist_jp": 88,
      "RS_timber_hist_jp": 25,
      "RS_iron_hist_jp": 1,
      "RS_other_hist_jp": 1,
      "RS_minerals_hist_jp": 73
    },
    {
      "date": "1968-01-01",
      "GS_timber_hist_jp": 8,
      "GS_iron_hist_jp": 2,
      "GS_other_hist_jp": 0,
      "GS_minerals_hist_jp": 89,
      "RS_timber_hist_jp": 25,
      "RS_iron_hist_jp": 1,
      "RS_other_hist_jp": 1,
      "RS_minerals_hist_jp": 74
    },
    {
      "date": "1969-01-01",
      "GS_timber_hist_jp": 7,
      "GS_iron_hist_jp": 2,
      "GS_other_hist_jp": 0,
      "GS_minerals_hist_jp": 90,
      "RS_timber_hist_jp": 24,
      "RS_iron_hist_jp": 1,
      "RS_other_hist_jp": 1,
      "RS_minerals_hist_jp": 74
    },
    {
      "date": "1970-01-01",
      "GS_timber_hist_jp": 7,
      "GS_iron_hist_jp": 3,
      "GS_other_hist_jp": 0,
      "GS_minerals_hist_jp": 90,
      "RS_timber_hist_jp": 24,
      "RS_iron_hist_jp": 1,
      "RS_other_hist_jp": 1,
      "RS_minerals_hist_jp": 74
    },
    {
      "date": "1971-01-01",
      "GS_timber_hist_jp": 7,
      "GS_iron_hist_jp": 2,
      "GS_other_hist_jp": 0,
      "GS_minerals_hist_jp": 91,
      "RS_timber_hist_jp": 24,
      "RS_iron_hist_jp": 1,
      "RS_other_hist_jp": 1,
      "RS_minerals_hist_jp": 74
    },
    {
      "date": "1972-01-01",
      "GS_timber_hist_jp": 6,
      "GS_iron_hist_jp": 2,
      "GS_other_hist_jp": 0,
      "GS_minerals_hist_jp": 91,
      "RS_timber_hist_jp": 24,
      "RS_iron_hist_jp": 1,
      "RS_other_hist_jp": 1,
      "RS_minerals_hist_jp": 75
    },
    {
      "date": "1973-01-01",
      "GS_timber_hist_jp": 5,
      "GS_iron_hist_jp": 2,
      "GS_other_hist_jp": 0,
      "GS_minerals_hist_jp": 92,
      "RS_timber_hist_jp": 23,
      "RS_iron_hist_jp": 1,
      "RS_other_hist_jp": 1,
      "RS_minerals_hist_jp": 75
    },
    {
      "date": "1974-01-01",
      "GS_timber_hist_jp": 5,
      "GS_iron_hist_jp": 2,
      "GS_other_hist_jp": 0,
      "GS_minerals_hist_jp": 92,
      "RS_timber_hist_jp": 23,
      "RS_iron_hist_jp": 1,
      "RS_other_hist_jp": 1,
      "RS_minerals_hist_jp": 75
    },
    {
      "date": "1975-01-01",
      "GS_timber_hist_jp": 5,
      "GS_iron_hist_jp": 2,
      "GS_other_hist_jp": 0,
      "GS_minerals_hist_jp": 92,
      "RS_timber_hist_jp": 23,
      "RS_iron_hist_jp": 1,
      "RS_other_hist_jp": 1,
      "RS_minerals_hist_jp": 76
    },
    {
      "date": "1976-01-01",
      "GS_timber_hist_jp": 7,
      "GS_iron_hist_jp": 2,
      "GS_other_hist_jp": 0,
      "GS_minerals_hist_jp": 91,
      "RS_timber_hist_jp": 22,
      "RS_iron_hist_jp": 1,
      "RS_other_hist_jp": 1,
      "RS_minerals_hist_jp": 76
    },
    {
      "date": "1977-01-01",
      "GS_timber_hist_jp": 4,
      "GS_iron_hist_jp": 2,
      "GS_other_hist_jp": 0,
      "GS_minerals_hist_jp": 93,
      "RS_timber_hist_jp": 22,
      "RS_iron_hist_jp": 1,
      "RS_other_hist_jp": 1,
      "RS_minerals_hist_jp": 76
    },
    {
      "date": "1978-01-01",
      "GS_timber_hist_jp": 5,
      "GS_iron_hist_jp": 2,
      "GS_other_hist_jp": 0,
      "GS_minerals_hist_jp": 93,
      "RS_timber_hist_jp": 22,
      "RS_iron_hist_jp": 1,
      "RS_other_hist_jp": 1,
      "RS_minerals_hist_jp": 76
    },
    {
      "date": "1979-01-01",
      "GS_timber_hist_jp": 5,
      "GS_iron_hist_jp": 2,
      "GS_other_hist_jp": 0,
      "GS_minerals_hist_jp": 93,
      "RS_timber_hist_jp": 21,
      "RS_iron_hist_jp": 1,
      "RS_other_hist_jp": 1,
      "RS_minerals_hist_jp": 77
    },
    {
      "date": "1980-01-01",
      "GS_timber_hist_jp": 4,
      "GS_iron_hist_jp": 2,
      "GS_other_hist_jp": 0,
      "GS_minerals_hist_jp": 94,
      "RS_timber_hist_jp": 21,
      "RS_iron_hist_jp": 1,
      "RS_other_hist_jp": 1,
      "RS_minerals_hist_jp": 77
    },
    {
      "date": "1981-01-01",
      "GS_timber_hist_jp": 4,
      "GS_iron_hist_jp": 2,
      "GS_other_hist_jp": 0,
      "GS_minerals_hist_jp": 94,
      "RS_timber_hist_jp": 21,
      "RS_iron_hist_jp": 1,
      "RS_other_hist_jp": 1,
      "RS_minerals_hist_jp": 77
    },
    {
      "date": "1982-01-01",
      "GS_timber_hist_jp": 4,
      "GS_iron_hist_jp": 2,
      "GS_other_hist_jp": 0,
      "GS_minerals_hist_jp": 94,
      "RS_timber_hist_jp": 20,
      "RS_iron_hist_jp": 1,
      "RS_other_hist_jp": 1,
      "RS_minerals_hist_jp": 78
    },
    {
      "date": "1983-01-01",
      "GS_timber_hist_jp": 4,
      "GS_iron_hist_jp": 2,
      "GS_other_hist_jp": 0,
      "GS_minerals_hist_jp": 94,
      "RS_timber_hist_jp": 20,
      "RS_iron_hist_jp": 1,
      "RS_other_hist_jp": 1,
      "RS_minerals_hist_jp": 78
    },
    {
      "date": "1984-01-01",
      "GS_timber_hist_jp": 4,
      "GS_iron_hist_jp": 2,
      "GS_other_hist_jp": 0,
      "GS_minerals_hist_jp": 93,
      "RS_timber_hist_jp": 20,
      "RS_iron_hist_jp": 1,
      "RS_other_hist_jp": 1,
      "RS_minerals_hist_jp": 78
    },
    {
      "date": "1985-01-01",
      "GS_timber_hist_jp": 4,
      "GS_iron_hist_jp": 2,
      "GS_other_hist_jp": 0,
      "GS_minerals_hist_jp": 93,
      "RS_timber_hist_jp": 19,
      "RS_iron_hist_jp": 1,
      "RS_other_hist_jp": 1,
      "RS_minerals_hist_jp": 79
    },
    {
      "date": "1986-01-01",
      "GS_timber_hist_jp": 4,
      "GS_iron_hist_jp": 2,
      "GS_other_hist_jp": 0,
      "GS_minerals_hist_jp": 94,
      "RS_timber_hist_jp": 19,
      "RS_iron_hist_jp": 2,
      "RS_other_hist_jp": 0,
      "RS_minerals_hist_jp": 79
    },
    {
      "date": "1987-01-01",
      "GS_timber_hist_jp": 4,
      "GS_iron_hist_jp": 2,
      "GS_other_hist_jp": 0,
      "GS_minerals_hist_jp": 94,
      "RS_timber_hist_jp": 18,
      "RS_iron_hist_jp": 2,
      "RS_other_hist_jp": 0,
      "RS_minerals_hist_jp": 80
    },
    {
      "date": "1988-01-01",
      "GS_timber_hist_jp": 4,
      "GS_iron_hist_jp": 2,
      "GS_other_hist_jp": 0,
      "GS_minerals_hist_jp": 94,
      "RS_timber_hist_jp": 18,
      "RS_iron_hist_jp": 2,
      "RS_other_hist_jp": 0,
      "RS_minerals_hist_jp": 80
    },
    {
      "date": "1989-01-01",
      "GS_timber_hist_jp": 4,
      "GS_iron_hist_jp": 2,
      "GS_other_hist_jp": 0,
      "GS_minerals_hist_jp": 94,
      "RS_timber_hist_jp": 18,
      "RS_iron_hist_jp": 2,
      "RS_other_hist_jp": 0,
      "RS_minerals_hist_jp": 80
    },
    {
      "date": "1990-01-01",
      "GS_timber_hist_jp": 4,
      "GS_iron_hist_jp": 2,
      "GS_other_hist_jp": 0,
      "GS_minerals_hist_jp": 94,
      "RS_timber_hist_jp": 17,
      "RS_iron_hist_jp": 2,
      "RS_other_hist_jp": 0,
      "RS_minerals_hist_jp": 81
    },
    {
      "date": "1991-01-01",
      "GS_timber_hist_jp": 3,
      "GS_iron_hist_jp": 2,
      "GS_other_hist_jp": 0,
      "GS_minerals_hist_jp": 95,
      "RS_timber_hist_jp": 17,
      "RS_iron_hist_jp": 2,
      "RS_other_hist_jp": 0,
      "RS_minerals_hist_jp": 81
    },
    {
      "date": "1992-01-01",
      "GS_timber_hist_jp": 3,
      "GS_iron_hist_jp": 2,
      "GS_other_hist_jp": 0,
      "GS_minerals_hist_jp": 95,
      "RS_timber_hist_jp": 16,
      "RS_iron_hist_jp": 2,
      "RS_other_hist_jp": 0,
      "RS_minerals_hist_jp": 82
    },
    {
      "date": "1993-01-01",
      "GS_timber_hist_jp": 3,
      "GS_iron_hist_jp": 2,
      "GS_other_hist_jp": 0,
      "GS_minerals_hist_jp": 95,
      "RS_timber_hist_jp": 16,
      "RS_iron_hist_jp": 2,
      "RS_other_hist_jp": 0,
      "RS_minerals_hist_jp": 82
    },
    {
      "date": "1994-01-01",
      "GS_timber_hist_jp": 3,
      "GS_iron_hist_jp": 2,
      "GS_other_hist_jp": 0,
      "GS_minerals_hist_jp": 95,
      "RS_timber_hist_jp": 15,
      "RS_iron_hist_jp": 2,
      "RS_other_hist_jp": 0,
      "RS_minerals_hist_jp": 82
    },
    {
      "date": "1995-01-01",
      "GS_timber_hist_jp": 3,
      "GS_iron_hist_jp": 2,
      "GS_other_hist_jp": 0,
      "GS_minerals_hist_jp": 95,
      "RS_timber_hist_jp": 15,
      "RS_iron_hist_jp": 2,
      "RS_other_hist_jp": 0,
      "RS_minerals_hist_jp": 83
    },
    {
      "date": "1996-01-01",
      "GS_timber_hist_jp": 3,
      "GS_iron_hist_jp": 2,
      "GS_other_hist_jp": 0,
      "GS_minerals_hist_jp": 95,
      "RS_timber_hist_jp": 15,
      "RS_iron_hist_jp": 2,
      "RS_other_hist_jp": 0,
      "RS_minerals_hist_jp": 83
    },
    {
      "date": "1997-01-01",
      "GS_timber_hist_jp": 3,
      "GS_iron_hist_jp": 2,
      "GS_other_hist_jp": 0,
      "GS_minerals_hist_jp": 95,
      "RS_timber_hist_jp": 14,
      "RS_iron_hist_jp": 2,
      "RS_other_hist_jp": 0,
      "RS_minerals_hist_jp": 84
    },
    {
      "date": "1998-01-01",
      "GS_timber_hist_jp": 2,
      "GS_iron_hist_jp": 2,
      "GS_other_hist_jp": 0,
      "GS_minerals_hist_jp": 96,
      "RS_timber_hist_jp": 14,
      "RS_iron_hist_jp": 2,
      "RS_other_hist_jp": 0,
      "RS_minerals_hist_jp": 84
    },
    {
      "date": "1999-01-01",
      "GS_timber_hist_jp": 3,
      "GS_iron_hist_jp": 2,
      "GS_other_hist_jp": 0,
      "GS_minerals_hist_jp": 96,
      "RS_timber_hist_jp": 13,
      "RS_iron_hist_jp": 2,
      "RS_other_hist_jp": 0,
      "RS_minerals_hist_jp": 84
    },
    {
      "date": "2000-01-01",
      "GS_timber_hist_jp": 2,
      "GS_iron_hist_jp": 2,
      "GS_other_hist_jp": 0,
      "GS_minerals_hist_jp": 95,
      "RS_timber_hist_jp": 13,
      "RS_iron_hist_jp": 2,
      "RS_other_hist_jp": 0,
      "RS_minerals_hist_jp": 85
    },
    {
      "date": "2001-01-01",
      "GS_timber_hist_jp": 2,
      "GS_iron_hist_jp": 2,
      "GS_other_hist_jp": 0,
      "GS_minerals_hist_jp": 96,
      "RS_timber_hist_jp": 13,
      "RS_iron_hist_jp": 2,
      "RS_other_hist_jp": 0,
      "RS_minerals_hist_jp": 85
    },
    {
      "date": "2002-01-01",
      "GS_timber_hist_jp": 2,
      "GS_iron_hist_jp": 2,
      "GS_other_hist_jp": 0,
      "GS_minerals_hist_jp": 95,
      "RS_timber_hist_jp": 12,
      "RS_iron_hist_jp": 2,
      "RS_other_hist_jp": 0,
      "RS_minerals_hist_jp": 86
    },
    {
      "date": "2003-01-01",
      "GS_timber_hist_jp": 3,
      "GS_iron_hist_jp": 2,
      "GS_other_hist_jp": 0,
      "GS_minerals_hist_jp": 95,
      "RS_timber_hist_jp": 12,
      "RS_iron_hist_jp": 2,
      "RS_other_hist_jp": 0,
      "RS_minerals_hist_jp": 86
    },
    {
      "date": "2004-01-01",
      "GS_timber_hist_jp": 3,
      "GS_iron_hist_jp": 2,
      "GS_other_hist_jp": 0,
      "GS_minerals_hist_jp": 95,
      "RS_timber_hist_jp": 11,
      "RS_iron_hist_jp": 2,
      "RS_other_hist_jp": 0,
      "RS_minerals_hist_jp": 86
    },
    {
      "date": "2005-01-01",
      "GS_timber_hist_jp": 3,
      "GS_iron_hist_jp": 2,
      "GS_other_hist_jp": 0,
      "GS_minerals_hist_jp": 95,
      "GS_timber_sc1_jp": 3,
      "GS_iron_sc1_jp": 2,
      "GS_other_sc1_jp": 0,
      "GS_minerals_sc1_jp": 95,
      "GS_timber_sc2_jp": 3,
      "GS_iron_sc2_jp": 2,
      "GS_other_sc2_jp": 0,
      "GS_minerals_sc2_jp": 95,
      "RS_timber_hist_jp": 11,
      "RS_iron_hist_jp": 2,
      "RS_other_hist_jp": 0,
      "RS_minerals_hist_jp": 87,
      "RS_timber_sc1_jp": 11,
      "RS_iron_sc1_jp": 2,
      "RS_other_sc1_jp": 0,
      "RS_minerals_sc1_jp": 87,
      "RS_timber_sc2_jp": 11,
      "RS_iron_sc2_jp": 2,
      "RS_other_sc2_jp": 0,
      "RS_minerals_sc2_jp": 87
    },
    {
      "date": "2006-01-01",
      "GS_timber_sc1_jp": 3,
      "GS_iron_sc1_jp": 2,
      "GS_other_sc1_jp": 0,
      "GS_minerals_sc1_jp": 95,
      "GS_timber_sc2_jp": 3,
      "GS_iron_sc2_jp": 2,
      "GS_other_sc2_jp": 0,
      "GS_minerals_sc2_jp": 95,
      "RS_timber_sc1_jp": 11,
      "RS_iron_sc1_jp": 2,
      "RS_other_sc1_jp": 0,
      "RS_minerals_sc1_jp": 87,
      "RS_timber_sc2_jp": 11,
      "RS_iron_sc2_jp": 2,
      "RS_other_sc2_jp": 0,
      "RS_minerals_sc2_jp": 87
    },
    {
      "date": "2007-01-01",
      "GS_timber_sc1_jp": 3,
      "GS_iron_sc1_jp": 2,
      "GS_other_sc1_jp": 0,
      "GS_minerals_sc1_jp": 95,
      "GS_timber_sc2_jp": 3,
      "GS_iron_sc2_jp": 2,
      "GS_other_sc2_jp": 0,
      "GS_minerals_sc2_jp": 95,
      "RS_timber_sc1_jp": 10,
      "RS_iron_sc1_jp": 2,
      "RS_other_sc1_jp": 0,
      "RS_minerals_sc1_jp": 87,
      "RS_timber_sc2_jp": 10,
      "RS_iron_sc2_jp": 2,
      "RS_other_sc2_jp": 0,
      "RS_minerals_sc2_jp": 87
    },
    {
      "date": "2008-01-01",
      "GS_timber_sc1_jp": 3,
      "GS_iron_sc1_jp": 2,
      "GS_other_sc1_jp": 0,
      "GS_minerals_sc1_jp": 95,
      "GS_timber_sc2_jp": 3,
      "GS_iron_sc2_jp": 2,
      "GS_other_sc2_jp": 0,
      "GS_minerals_sc2_jp": 95,
      "RS_timber_sc1_jp": 10,
      "RS_iron_sc1_jp": 2,
      "RS_other_sc1_jp": 0,
      "RS_minerals_sc1_jp": 88,
      "RS_timber_sc2_jp": 10,
      "RS_iron_sc2_jp": 2,
      "RS_other_sc2_jp": 0,
      "RS_minerals_sc2_jp": 88
    },
    {
      "date": "2009-01-01",
      "GS_timber_sc1_jp": 3,
      "GS_iron_sc1_jp": 2,
      "GS_other_sc1_jp": 0,
      "GS_minerals_sc1_jp": 95,
      "GS_timber_sc2_jp": 3,
      "GS_iron_sc2_jp": 2,
      "GS_other_sc2_jp": 0,
      "GS_minerals_sc2_jp": 95,
      "RS_timber_sc1_jp": 10,
      "RS_iron_sc1_jp": 2,
      "RS_other_sc1_jp": 0,
      "RS_minerals_sc1_jp": 88,
      "RS_timber_sc2_jp": 10,
      "RS_iron_sc2_jp": 2,
      "RS_other_sc2_jp": 0,
      "RS_minerals_sc2_jp": 88
    },
    {
      "date": "2010-01-01",
      "GS_timber_sc1_jp": 3,
      "GS_iron_sc1_jp": 2,
      "GS_other_sc1_jp": 0,
      "GS_minerals_sc1_jp": 95,
      "GS_timber_sc2_jp": 3,
      "GS_iron_sc2_jp": 2,
      "GS_other_sc2_jp": 0,
      "GS_minerals_sc2_jp": 95,
      "RS_timber_sc1_jp": 9,
      "RS_iron_sc1_jp": 2,
      "RS_other_sc1_jp": 0,
      "RS_minerals_sc1_jp": 88,
      "RS_timber_sc2_jp": 9,
      "RS_iron_sc2_jp": 2,
      "RS_other_sc2_jp": 0,
      "RS_minerals_sc2_jp": 88
    },
    {
      "date": "2011-01-01",
      "GS_timber_sc1_jp": 3,
      "GS_iron_sc1_jp": 2,
      "GS_other_sc1_jp": 0,
      "GS_minerals_sc1_jp": 95,
      "GS_timber_sc2_jp": 3,
      "GS_iron_sc2_jp": 2,
      "GS_other_sc2_jp": 0,
      "GS_minerals_sc2_jp": 95,
      "RS_timber_sc1_jp": 9,
      "RS_iron_sc1_jp": 2,
      "RS_other_sc1_jp": 0,
      "RS_minerals_sc1_jp": 89,
      "RS_timber_sc2_jp": 9,
      "RS_iron_sc2_jp": 2,
      "RS_other_sc2_jp": 0,
      "RS_minerals_sc2_jp": 89
    },
    {
      "date": "2012-01-01",
      "GS_timber_sc1_jp": 3,
      "GS_iron_sc1_jp": 2,
      "GS_other_sc1_jp": 0,
      "GS_minerals_sc1_jp": 95,
      "GS_timber_sc2_jp": 3,
      "GS_iron_sc2_jp": 2,
      "GS_other_sc2_jp": 0,
      "GS_minerals_sc2_jp": 95,
      "RS_timber_sc1_jp": 9,
      "RS_iron_sc1_jp": 2,
      "RS_other_sc1_jp": 0,
      "RS_minerals_sc1_jp": 89,
      "RS_timber_sc2_jp": 9,
      "RS_iron_sc2_jp": 2,
      "RS_other_sc2_jp": 0,
      "RS_minerals_sc2_jp": 89
    },
    {
      "date": "2013-01-01",
      "GS_timber_sc1_jp": 3,
      "GS_iron_sc1_jp": 2,
      "GS_other_sc1_jp": 0,
      "GS_minerals_sc1_jp": 95,
      "GS_timber_sc2_jp": 3,
      "GS_iron_sc2_jp": 2,
      "GS_other_sc2_jp": 0,
      "GS_minerals_sc2_jp": 95,
      "RS_timber_sc1_jp": 8,
      "RS_iron_sc1_jp": 2,
      "RS_other_sc1_jp": 0,
      "RS_minerals_sc1_jp": 89,
      "RS_timber_sc2_jp": 8,
      "RS_iron_sc2_jp": 2,
      "RS_other_sc2_jp": 0,
      "RS_minerals_sc2_jp": 89
    },
    {
      "date": "2014-01-01",
      "GS_timber_sc1_jp": 3,
      "GS_iron_sc1_jp": 2,
      "GS_other_sc1_jp": 0,
      "GS_minerals_sc1_jp": 95,
      "GS_timber_sc2_jp": 3,
      "GS_iron_sc2_jp": 2,
      "GS_other_sc2_jp": 0,
      "GS_minerals_sc2_jp": 95,
      "RS_timber_sc1_jp": 8,
      "RS_iron_sc1_jp": 2,
      "RS_other_sc1_jp": 0,
      "RS_minerals_sc1_jp": 90,
      "RS_timber_sc2_jp": 8,
      "RS_iron_sc2_jp": 2,
      "RS_other_sc2_jp": 0,
      "RS_minerals_sc2_jp": 90
    },
    {
      "date": "2015-01-01",
      "GS_timber_sc1_jp": 3,
      "GS_iron_sc1_jp": 2,
      "GS_other_sc1_jp": 0,
      "GS_minerals_sc1_jp": 95,
      "GS_timber_sc2_jp": 3,
      "GS_iron_sc2_jp": 2,
      "GS_other_sc2_jp": 0,
      "GS_minerals_sc2_jp": 95,
      "RS_timber_sc1_jp": 8,
      "RS_iron_sc1_jp": 2,
      "RS_other_sc1_jp": 0,
      "RS_minerals_sc1_jp": 90,
      "RS_timber_sc2_jp": 8,
      "RS_iron_sc2_jp": 2,
      "RS_other_sc2_jp": 0,
      "RS_minerals_sc2_jp": 90
    },
    {
      "date": "2016-01-01",
      "GS_timber_sc1_jp": 3,
      "GS_iron_sc1_jp": 2,
      "GS_other_sc1_jp": 0,
      "GS_minerals_sc1_jp": 95,
      "GS_timber_sc2_jp": 3,
      "GS_iron_sc2_jp": 2,
      "GS_other_sc2_jp": 0,
      "GS_minerals_sc2_jp": 95,
      "RS_timber_sc1_jp": 7,
      "RS_iron_sc1_jp": 2,
      "RS_other_sc1_jp": 0,
      "RS_minerals_sc1_jp": 90,
      "RS_timber_sc2_jp": 8,
      "RS_iron_sc2_jp": 2,
      "RS_other_sc2_jp": 0,
      "RS_minerals_sc2_jp": 90
    },
    {
      "date": "2017-01-01",
      "GS_timber_sc1_jp": 3,
      "GS_iron_sc1_jp": 2,
      "GS_other_sc1_jp": 0,
      "GS_minerals_sc1_jp": 95,
      "GS_timber_sc2_jp": 3,
      "GS_iron_sc2_jp": 2,
      "GS_other_sc2_jp": 0,
      "GS_minerals_sc2_jp": 95,
      "RS_timber_sc1_jp": 7,
      "RS_iron_sc1_jp": 2,
      "RS_other_sc1_jp": 0,
      "RS_minerals_sc1_jp": 90,
      "RS_timber_sc2_jp": 7,
      "RS_iron_sc2_jp": 2,
      "RS_other_sc2_jp": 0,
      "RS_minerals_sc2_jp": 90
    },
    {
      "date": "2018-01-01",
      "GS_timber_sc1_jp": 3,
      "GS_iron_sc1_jp": 2,
      "GS_other_sc1_jp": 0,
      "GS_minerals_sc1_jp": 95,
      "GS_timber_sc2_jp": 3,
      "GS_iron_sc2_jp": 2,
      "GS_other_sc2_jp": 0,
      "GS_minerals_sc2_jp": 95,
      "RS_timber_sc1_jp": 7,
      "RS_iron_sc1_jp": 2,
      "RS_other_sc1_jp": 0,
      "RS_minerals_sc1_jp": 91,
      "RS_timber_sc2_jp": 7,
      "RS_iron_sc2_jp": 2,
      "RS_other_sc2_jp": 0,
      "RS_minerals_sc2_jp": 91
    },
    {
      "date": "2019-01-01",
      "GS_timber_sc1_jp": 3,
      "GS_iron_sc1_jp": 2,
      "GS_other_sc1_jp": 0,
      "GS_minerals_sc1_jp": 95,
      "GS_timber_sc2_jp": 3,
      "GS_iron_sc2_jp": 2,
      "GS_other_sc2_jp": 0,
      "GS_minerals_sc2_jp": 95,
      "RS_timber_sc1_jp": 7,
      "RS_iron_sc1_jp": 2,
      "RS_other_sc1_jp": 0,
      "RS_minerals_sc1_jp": 91,
      "RS_timber_sc2_jp": 7,
      "RS_iron_sc2_jp": 2,
      "RS_other_sc2_jp": 0,
      "RS_minerals_sc2_jp": 91
    },
    {
      "date": "2020-01-01",
      "GS_timber_sc1_jp": 3,
      "GS_iron_sc1_jp": 2,
      "GS_other_sc1_jp": 0,
      "GS_minerals_sc1_jp": 95,
      "GS_timber_sc2_jp": 3,
      "GS_iron_sc2_jp": 2,
      "GS_other_sc2_jp": 0,
      "GS_minerals_sc2_jp": 95,
      "RS_timber_sc1_jp": 6,
      "RS_iron_sc1_jp": 2,
      "RS_other_sc1_jp": 0,
      "RS_minerals_sc1_jp": 91,
      "RS_timber_sc2_jp": 6,
      "RS_iron_sc2_jp": 2,
      "RS_other_sc2_jp": 0,
      "RS_minerals_sc2_jp": 91
    },
    {
      "date": "2021-01-01",
      "GS_timber_sc1_jp": 3,
      "GS_iron_sc1_jp": 2,
      "GS_other_sc1_jp": 0,
      "GS_minerals_sc1_jp": 95,
      "GS_timber_sc2_jp": 3,
      "GS_iron_sc2_jp": 2,
      "GS_other_sc2_jp": 0,
      "GS_minerals_sc2_jp": 95,
      "RS_timber_sc1_jp": 6,
      "RS_iron_sc1_jp": 2,
      "RS_other_sc1_jp": 0,
      "RS_minerals_sc1_jp": 91,
      "RS_timber_sc2_jp": 6,
      "RS_iron_sc2_jp": 2,
      "RS_other_sc2_jp": 0,
      "RS_minerals_sc2_jp": 91
    },
    {
      "date": "2022-01-01",
      "GS_timber_sc1_jp": 3,
      "GS_iron_sc1_jp": 2,
      "GS_other_sc1_jp": 0,
      "GS_minerals_sc1_jp": 95,
      "GS_timber_sc2_jp": 3,
      "GS_iron_sc2_jp": 2,
      "GS_other_sc2_jp": 0,
      "GS_minerals_sc2_jp": 95,
      "RS_timber_sc1_jp": 6,
      "RS_iron_sc1_jp": 2,
      "RS_other_sc1_jp": 0,
      "RS_minerals_sc1_jp": 92,
      "RS_timber_sc2_jp": 6,
      "RS_iron_sc2_jp": 2,
      "RS_other_sc2_jp": 0,
      "RS_minerals_sc2_jp": 92
    },
    {
      "date": "2023-01-01",
      "GS_timber_sc1_jp": 3,
      "GS_iron_sc1_jp": 2,
      "GS_other_sc1_jp": 0,
      "GS_minerals_sc1_jp": 95,
      "GS_timber_sc2_jp": 3,
      "GS_iron_sc2_jp": 2,
      "GS_other_sc2_jp": 0,
      "GS_minerals_sc2_jp": 95,
      "RS_timber_sc1_jp": 6,
      "RS_iron_sc1_jp": 2,
      "RS_other_sc1_jp": 0,
      "RS_minerals_sc1_jp": 92,
      "RS_timber_sc2_jp": 6,
      "RS_iron_sc2_jp": 2,
      "RS_other_sc2_jp": 0,
      "RS_minerals_sc2_jp": 92
    },
    {
      "date": "2024-01-01",
      "GS_timber_sc1_jp": 3,
      "GS_iron_sc1_jp": 2,
      "GS_other_sc1_jp": 0,
      "GS_minerals_sc1_jp": 95,
      "GS_timber_sc2_jp": 3,
      "GS_iron_sc2_jp": 2,
      "GS_other_sc2_jp": 0,
      "GS_minerals_sc2_jp": 95,
      "RS_timber_sc1_jp": 6,
      "RS_iron_sc1_jp": 2,
      "RS_other_sc1_jp": 0,
      "RS_minerals_sc1_jp": 92,
      "RS_timber_sc2_jp": 6,
      "RS_iron_sc2_jp": 2,
      "RS_other_sc2_jp": 0,
      "RS_minerals_sc2_jp": 92
    },
    {
      "date": "2025-01-01",
      "GS_timber_sc1_jp": 3,
      "GS_iron_sc1_jp": 2,
      "GS_other_sc1_jp": 0,
      "GS_minerals_sc1_jp": 95,
      "GS_timber_sc2_jp": 3,
      "GS_iron_sc2_jp": 2,
      "GS_other_sc2_jp": 0,
      "GS_minerals_sc2_jp": 95,
      "RS_timber_sc1_jp": 5,
      "RS_iron_sc1_jp": 2,
      "RS_other_sc1_jp": 0,
      "RS_minerals_sc1_jp": 92,
      "RS_timber_sc2_jp": 5,
      "RS_iron_sc2_jp": 2,
      "RS_other_sc2_jp": 0,
      "RS_minerals_sc2_jp": 92
    },
    {
      "date": "2026-01-01",
      "GS_timber_sc1_jp": 3,
      "GS_iron_sc1_jp": 2,
      "GS_other_sc1_jp": 0,
      "GS_minerals_sc1_jp": 95,
      "GS_timber_sc2_jp": 3,
      "GS_iron_sc2_jp": 2,
      "GS_other_sc2_jp": 0,
      "GS_minerals_sc2_jp": 95,
      "RS_timber_sc1_jp": 5,
      "RS_iron_sc1_jp": 2,
      "RS_other_sc1_jp": 0,
      "RS_minerals_sc1_jp": 92,
      "RS_timber_sc2_jp": 5,
      "RS_iron_sc2_jp": 2,
      "RS_other_sc2_jp": 0,
      "RS_minerals_sc2_jp": 92
    },
    {
      "date": "2027-01-01",
      "GS_timber_sc1_jp": 3,
      "GS_iron_sc1_jp": 2,
      "GS_other_sc1_jp": 0,
      "GS_minerals_sc1_jp": 95,
      "GS_timber_sc2_jp": 3,
      "GS_iron_sc2_jp": 2,
      "GS_other_sc2_jp": 0,
      "GS_minerals_sc2_jp": 95,
      "RS_timber_sc1_jp": 5,
      "RS_iron_sc1_jp": 2,
      "RS_other_sc1_jp": 0,
      "RS_minerals_sc1_jp": 93,
      "RS_timber_sc2_jp": 5,
      "RS_iron_sc2_jp": 2,
      "RS_other_sc2_jp": 0,
      "RS_minerals_sc2_jp": 93
    },
    {
      "date": "2028-01-01",
      "GS_timber_sc1_jp": 3,
      "GS_iron_sc1_jp": 2,
      "GS_other_sc1_jp": 0,
      "GS_minerals_sc1_jp": 95,
      "GS_timber_sc2_jp": 3,
      "GS_iron_sc2_jp": 2,
      "GS_other_sc2_jp": 0,
      "GS_minerals_sc2_jp": 95,
      "RS_timber_sc1_jp": 5,
      "RS_iron_sc1_jp": 2,
      "RS_other_sc1_jp": 0,
      "RS_minerals_sc1_jp": 93,
      "RS_timber_sc2_jp": 5,
      "RS_iron_sc2_jp": 2,
      "RS_other_sc2_jp": 0,
      "RS_minerals_sc2_jp": 93
    },
    {
      "date": "2029-01-01",
      "GS_timber_sc1_jp": 3,
      "GS_iron_sc1_jp": 2,
      "GS_other_sc1_jp": 0,
      "GS_minerals_sc1_jp": 95,
      "GS_timber_sc2_jp": 3,
      "GS_iron_sc2_jp": 2,
      "GS_other_sc2_jp": 0,
      "GS_minerals_sc2_jp": 95,
      "RS_timber_sc1_jp": 5,
      "RS_iron_sc1_jp": 2,
      "RS_other_sc1_jp": 0,
      "RS_minerals_sc1_jp": 93,
      "RS_timber_sc2_jp": 5,
      "RS_iron_sc2_jp": 2,
      "RS_other_sc2_jp": 0,
      "RS_minerals_sc2_jp": 93
    },
    {
      "date": "2030-01-01",
      "GS_timber_sc1_jp": 3,
      "GS_iron_sc1_jp": 2,
      "GS_other_sc1_jp": 0,
      "GS_minerals_sc1_jp": 95,
      "GS_timber_sc2_jp": 3,
      "GS_iron_sc2_jp": 2,
      "GS_other_sc2_jp": 0,
      "GS_minerals_sc2_jp": 95,
      "RS_timber_sc1_jp": 5,
      "RS_iron_sc1_jp": 2,
      "RS_other_sc1_jp": 0,
      "RS_minerals_sc1_jp": 93,
      "RS_timber_sc2_jp": 5,
      "RS_iron_sc2_jp": 2,
      "RS_other_sc2_jp": 0,
      "RS_minerals_sc2_jp": 93
    },
    {
      "date": "2031-01-01",
      "GS_timber_sc1_jp": 3,
      "GS_iron_sc1_jp": 2,
      "GS_other_sc1_jp": 0,
      "GS_minerals_sc1_jp": 95,
      "GS_timber_sc2_jp": 3,
      "GS_iron_sc2_jp": 2,
      "GS_other_sc2_jp": 0,
      "GS_minerals_sc2_jp": 95,
      "RS_timber_sc1_jp": 4,
      "RS_iron_sc1_jp": 2,
      "RS_other_sc1_jp": 0,
      "RS_minerals_sc1_jp": 93,
      "RS_timber_sc2_jp": 4,
      "RS_iron_sc2_jp": 2,
      "RS_other_sc2_jp": 0,
      "RS_minerals_sc2_jp": 93
    },
    {
      "date": "2032-01-01",
      "GS_timber_sc1_jp": 3,
      "GS_iron_sc1_jp": 2,
      "GS_other_sc1_jp": 0,
      "GS_minerals_sc1_jp": 95,
      "GS_timber_sc2_jp": 3,
      "GS_iron_sc2_jp": 2,
      "GS_other_sc2_jp": 0,
      "GS_minerals_sc2_jp": 95,
      "RS_timber_sc1_jp": 4,
      "RS_iron_sc1_jp": 2,
      "RS_other_sc1_jp": 0,
      "RS_minerals_sc1_jp": 93,
      "RS_timber_sc2_jp": 4,
      "RS_iron_sc2_jp": 2,
      "RS_other_sc2_jp": 0,
      "RS_minerals_sc2_jp": 93
    },
    {
      "date": "2033-01-01",
      "GS_timber_sc1_jp": 3,
      "GS_iron_sc1_jp": 2,
      "GS_other_sc1_jp": 0,
      "GS_minerals_sc1_jp": 95,
      "GS_timber_sc2_jp": 3,
      "GS_iron_sc2_jp": 2,
      "GS_other_sc2_jp": 0,
      "GS_minerals_sc2_jp": 95,
      "RS_timber_sc1_jp": 4,
      "RS_iron_sc1_jp": 2,
      "RS_other_sc1_jp": 0,
      "RS_minerals_sc1_jp": 94,
      "RS_timber_sc2_jp": 4,
      "RS_iron_sc2_jp": 2,
      "RS_other_sc2_jp": 0,
      "RS_minerals_sc2_jp": 94
    },
    {
      "date": "2034-01-01",
      "GS_timber_sc1_jp": 3,
      "GS_iron_sc1_jp": 2,
      "GS_other_sc1_jp": 0,
      "GS_minerals_sc1_jp": 95,
      "GS_timber_sc2_jp": 3,
      "GS_iron_sc2_jp": 2,
      "GS_other_sc2_jp": 0,
      "GS_minerals_sc2_jp": 95,
      "RS_timber_sc1_jp": 4,
      "RS_iron_sc1_jp": 2,
      "RS_other_sc1_jp": 0,
      "RS_minerals_sc1_jp": 94,
      "RS_timber_sc2_jp": 4,
      "RS_iron_sc2_jp": 2,
      "RS_other_sc2_jp": 0,
      "RS_minerals_sc2_jp": 94
    },
    {
      "date": "2035-01-01",
      "GS_timber_sc1_jp": 3,
      "GS_iron_sc1_jp": 2,
      "GS_other_sc1_jp": 0,
      "GS_minerals_sc1_jp": 95,
      "GS_timber_sc2_jp": 3,
      "GS_iron_sc2_jp": 2,
      "GS_other_sc2_jp": 0,
      "GS_minerals_sc2_jp": 95,
      "RS_timber_sc1_jp": 4,
      "RS_iron_sc1_jp": 2,
      "RS_other_sc1_jp": 0,
      "RS_minerals_sc1_jp": 94,
      "RS_timber_sc2_jp": 4,
      "RS_iron_sc2_jp": 2,
      "RS_other_sc2_jp": 0,
      "RS_minerals_sc2_jp": 94
    },
    {
      "date": "2036-01-01",
      "GS_timber_sc1_jp": 3,
      "GS_iron_sc1_jp": 2,
      "GS_other_sc1_jp": 0,
      "GS_minerals_sc1_jp": 95,
      "GS_timber_sc2_jp": 3,
      "GS_iron_sc2_jp": 2,
      "GS_other_sc2_jp": 0,
      "GS_minerals_sc2_jp": 95,
      "RS_timber_sc1_jp": 4,
      "RS_iron_sc1_jp": 2,
      "RS_other_sc1_jp": 0,
      "RS_minerals_sc1_jp": 94,
      "RS_timber_sc2_jp": 4,
      "RS_iron_sc2_jp": 2,
      "RS_other_sc2_jp": 0,
      "RS_minerals_sc2_jp": 94
    },
    {
      "date": "2037-01-01",
      "GS_timber_sc1_jp": 3,
      "GS_iron_sc1_jp": 2,
      "GS_other_sc1_jp": 0,
      "GS_minerals_sc1_jp": 95,
      "GS_timber_sc2_jp": 3,
      "GS_iron_sc2_jp": 2,
      "GS_other_sc2_jp": 0,
      "GS_minerals_sc2_jp": 95,
      "RS_timber_sc1_jp": 4,
      "RS_iron_sc1_jp": 2,
      "RS_other_sc1_jp": 0,
      "RS_minerals_sc1_jp": 94,
      "RS_timber_sc2_jp": 4,
      "RS_iron_sc2_jp": 2,
      "RS_other_sc2_jp": 0,
      "RS_minerals_sc2_jp": 94
    },
    {
      "date": "2038-01-01",
      "GS_timber_sc1_jp": 3,
      "GS_iron_sc1_jp": 2,
      "GS_other_sc1_jp": 0,
      "GS_minerals_sc1_jp": 95,
      "GS_timber_sc2_jp": 3,
      "GS_iron_sc2_jp": 2,
      "GS_other_sc2_jp": 0,
      "GS_minerals_sc2_jp": 95,
      "RS_timber_sc1_jp": 4,
      "RS_iron_sc1_jp": 2,
      "RS_other_sc1_jp": 0,
      "RS_minerals_sc1_jp": 94,
      "RS_timber_sc2_jp": 4,
      "RS_iron_sc2_jp": 2,
      "RS_other_sc2_jp": 0,
      "RS_minerals_sc2_jp": 94
    },
    {
      "date": "2039-01-01",
      "GS_timber_sc1_jp": 3,
      "GS_iron_sc1_jp": 2,
      "GS_other_sc1_jp": 0,
      "GS_minerals_sc1_jp": 95,
      "GS_timber_sc2_jp": 3,
      "GS_iron_sc2_jp": 2,
      "GS_other_sc2_jp": 0,
      "GS_minerals_sc2_jp": 95,
      "RS_timber_sc1_jp": 3,
      "RS_iron_sc1_jp": 2,
      "RS_other_sc1_jp": 0,
      "RS_minerals_sc1_jp": 94,
      "RS_timber_sc2_jp": 3,
      "RS_iron_sc2_jp": 2,
      "RS_other_sc2_jp": 0,
      "RS_minerals_sc2_jp": 94
    },
    {
      "date": "2040-01-01",
      "GS_timber_sc1_jp": 3,
      "GS_iron_sc1_jp": 2,
      "GS_other_sc1_jp": 0,
      "GS_minerals_sc1_jp": 95,
      "GS_timber_sc2_jp": 3,
      "GS_iron_sc2_jp": 2,
      "GS_other_sc2_jp": 0,
      "GS_minerals_sc2_jp": 95,
      "RS_timber_sc1_jp": 3,
      "RS_iron_sc1_jp": 2,
      "RS_other_sc1_jp": 0,
      "RS_minerals_sc1_jp": 94,
      "RS_timber_sc2_jp": 3,
      "RS_iron_sc2_jp": 2,
      "RS_other_sc2_jp": 0,
      "RS_minerals_sc2_jp": 94
    },
    {
      "date": "2041-01-01",
      "GS_timber_sc1_jp": 3,
      "GS_iron_sc1_jp": 2,
      "GS_other_sc1_jp": 0,
      "GS_minerals_sc1_jp": 95,
      "GS_timber_sc2_jp": 3,
      "GS_iron_sc2_jp": 2,
      "GS_other_sc2_jp": 0,
      "GS_minerals_sc2_jp": 95,
      "RS_timber_sc1_jp": 3,
      "RS_iron_sc1_jp": 2,
      "RS_other_sc1_jp": 0,
      "RS_minerals_sc1_jp": 94,
      "RS_timber_sc2_jp": 3,
      "RS_iron_sc2_jp": 2,
      "RS_other_sc2_jp": 0,
      "RS_minerals_sc2_jp": 94
    },
    {
      "date": "2042-01-01",
      "GS_timber_sc1_jp": 3,
      "GS_iron_sc1_jp": 2,
      "GS_other_sc1_jp": 0,
      "GS_minerals_sc1_jp": 95,
      "GS_timber_sc2_jp": 3,
      "GS_iron_sc2_jp": 2,
      "GS_other_sc2_jp": 0,
      "GS_minerals_sc2_jp": 95,
      "RS_timber_sc1_jp": 3,
      "RS_iron_sc1_jp": 2,
      "RS_other_sc1_jp": 0,
      "RS_minerals_sc1_jp": 95,
      "RS_timber_sc2_jp": 3,
      "RS_iron_sc2_jp": 2,
      "RS_other_sc2_jp": 0,
      "RS_minerals_sc2_jp": 95
    },
    {
      "date": "2043-01-01",
      "GS_timber_sc1_jp": 3,
      "GS_iron_sc1_jp": 2,
      "GS_other_sc1_jp": 0,
      "GS_minerals_sc1_jp": 95,
      "GS_timber_sc2_jp": 3,
      "GS_iron_sc2_jp": 2,
      "GS_other_sc2_jp": 0,
      "GS_minerals_sc2_jp": 95,
      "RS_timber_sc1_jp": 3,
      "RS_iron_sc1_jp": 2,
      "RS_other_sc1_jp": 0,
      "RS_minerals_sc1_jp": 95,
      "RS_timber_sc2_jp": 3,
      "RS_iron_sc2_jp": 2,
      "RS_other_sc2_jp": 0,
      "RS_minerals_sc2_jp": 95
    },
    {
      "date": "2044-01-01",
      "GS_timber_sc1_jp": 3,
      "GS_iron_sc1_jp": 2,
      "GS_other_sc1_jp": 0,
      "GS_minerals_sc1_jp": 95,
      "GS_timber_sc2_jp": 3,
      "GS_iron_sc2_jp": 2,
      "GS_other_sc2_jp": 0,
      "GS_minerals_sc2_jp": 95,
      "RS_timber_sc1_jp": 3,
      "RS_iron_sc1_jp": 2,
      "RS_other_sc1_jp": 0,
      "RS_minerals_sc1_jp": 95,
      "RS_timber_sc2_jp": 3,
      "RS_iron_sc2_jp": 2,
      "RS_other_sc2_jp": 0,
      "RS_minerals_sc2_jp": 95
    },
    {
      "date": "2045-01-01",
      "GS_timber_sc1_jp": 3,
      "GS_iron_sc1_jp": 2,
      "GS_other_sc1_jp": 0,
      "GS_minerals_sc1_jp": 95,
      "GS_timber_sc2_jp": 3,
      "GS_iron_sc2_jp": 2,
      "GS_other_sc2_jp": 0,
      "GS_minerals_sc2_jp": 95,
      "RS_timber_sc1_jp": 3,
      "RS_iron_sc1_jp": 2,
      "RS_other_sc1_jp": 0,
      "RS_minerals_sc1_jp": 95,
      "RS_timber_sc2_jp": 3,
      "RS_iron_sc2_jp": 2,
      "RS_other_sc2_jp": 0,
      "RS_minerals_sc2_jp": 95
    },
    {
      "date": "2046-01-01",
      "GS_timber_sc1_jp": 3,
      "GS_iron_sc1_jp": 2,
      "GS_other_sc1_jp": 0,
      "GS_minerals_sc1_jp": 95,
      "GS_timber_sc2_jp": 3,
      "GS_iron_sc2_jp": 2,
      "GS_other_sc2_jp": 0,
      "GS_minerals_sc2_jp": 95,
      "RS_timber_sc1_jp": 3,
      "RS_iron_sc1_jp": 2,
      "RS_other_sc1_jp": 0,
      "RS_minerals_sc1_jp": 95,
      "RS_timber_sc2_jp": 3,
      "RS_iron_sc2_jp": 2,
      "RS_other_sc2_jp": 0,
      "RS_minerals_sc2_jp": 95
    },
    {
      "date": "2047-01-01",
      "GS_timber_sc1_jp": 3,
      "GS_iron_sc1_jp": 2,
      "GS_other_sc1_jp": 0,
      "GS_minerals_sc1_jp": 95,
      "GS_timber_sc2_jp": 3,
      "GS_iron_sc2_jp": 2,
      "GS_other_sc2_jp": 0,
      "GS_minerals_sc2_jp": 95,
      "RS_timber_sc1_jp": 3,
      "RS_iron_sc1_jp": 2,
      "RS_other_sc1_jp": 0,
      "RS_minerals_sc1_jp": 95,
      "RS_timber_sc2_jp": 3,
      "RS_iron_sc2_jp": 2,
      "RS_other_sc2_jp": 0,
      "RS_minerals_sc2_jp": 95
    },
    {
      "date": "2048-01-01",
      "GS_timber_sc1_jp": 3,
      "GS_iron_sc1_jp": 2,
      "GS_other_sc1_jp": 0,
      "GS_minerals_sc1_jp": 95,
      "GS_timber_sc2_jp": 3,
      "GS_iron_sc2_jp": 2,
      "GS_other_sc2_jp": 0,
      "GS_minerals_sc2_jp": 95,
      "RS_timber_sc1_jp": 3,
      "RS_iron_sc1_jp": 2,
      "RS_other_sc1_jp": 0,
      "RS_minerals_sc1_jp": 95,
      "RS_timber_sc2_jp": 3,
      "RS_iron_sc2_jp": 2,
      "RS_other_sc2_jp": 0,
      "RS_minerals_sc2_jp": 95
    },
    {
      "date": "2049-01-01",
      "GS_timber_sc1_jp": 3,
      "GS_iron_sc1_jp": 2,
      "GS_other_sc1_jp": 0,
      "GS_minerals_sc1_jp": 95,
      "GS_timber_sc2_jp": 3,
      "GS_iron_sc2_jp": 2,
      "GS_other_sc2_jp": 0,
      "GS_minerals_sc2_jp": 95,
      "RS_timber_sc1_jp": 3,
      "RS_iron_sc1_jp": 2,
      "RS_other_sc1_jp": 0,
      "RS_minerals_sc1_jp": 95,
      "RS_timber_sc2_jp": 3,
      "RS_iron_sc2_jp": 2,
      "RS_other_sc2_jp": 0,
      "RS_minerals_sc2_jp": 95
    },
    {
      "date": "2050-01-01",
      "GS_timber_sc1_jp": 3,
      "GS_iron_sc1_jp": 2,
      "GS_other_sc1_jp": 0,
      "GS_minerals_sc1_jp": 95,
      "GS_timber_sc2_jp": 3,
      "GS_iron_sc2_jp": 2,
      "GS_other_sc2_jp": 0,
      "GS_minerals_sc2_jp": 95,
      "RS_timber_sc1_jp": 3,
      "RS_iron_sc1_jp": 2,
      "RS_other_sc1_jp": 0,
      "RS_minerals_sc1_jp": 95,
      "RS_timber_sc2_jp": 3,
      "RS_iron_sc2_jp": 2,
      "RS_other_sc2_jp": 0,
      "RS_minerals_sc2_jp": 95
    }
  ]
}
