{
   "1":[
      {
         "date":"1930-01-01",
         "MS_timber_hist":38487.6578085917,
         "MS_iron_hist":3083.4998985472,
         "MS_other_hist":2915.0141309164,
         "MS_minerals_hist":55060.8019976118
      },
      {
         "date":"1931-01-01",
         "MS_timber_hist":38177.042921934,
         "MS_iron_hist":3091.5966481275,
         "MS_other_hist":2955.9835755759,
         "MS_minerals_hist":56794.3028733039
      },
      {
         "date":"1932-01-01",
         "MS_timber_hist":35079.272138786,
         "MS_iron_hist":2848.7825984054,
         "MS_other_hist":2754.3682175108,
         "MS_minerals_hist":53815.7222318897
      },
      {
         "date":"1933-01-01",
         "MS_timber_hist":31862.1633971982,
         "MS_iron_hist":2600.7651067966,
         "MS_other_hist":2533.2042108555,
         "MS_minerals_hist":50171.883891811
      },
      {
         "date":"1934-01-01",
         "MS_timber_hist":31734.5212865475,
         "MS_iron_hist":2608.161403239,
         "MS_other_hist":2559.0120973862,
         "MS_minerals_hist":51492.1428640371
      },
      {
         "date":"1935-01-01",
         "MS_timber_hist":30889.5130881442,
         "MS_iron_hist":2557.3457851721,
         "MS_other_hist":2528.2060677542,
         "MS_minerals_hist":51472.8700435496
      },
      {
         "date":"1936-01-01",
         "MS_timber_hist":28885.9458135037,
         "MS_iron_hist":2425.3744701665,
         "MS_other_hist":2407.1621523493,
         "MS_minerals_hist":49901.9371005249
      },
      {
         "date":"1937-01-01",
         "MS_timber_hist":27680.6983693508,
         "MS_iron_hist":2379.3260196063,
         "MS_other_hist":2361.1867510032,
         "MS_minerals_hist":49533.8984199567
      },
      {
         "date":"1938-01-01",
         "MS_timber_hist":25951.8784253709,
         "MS_iron_hist":2240.8655746369,
         "MS_other_hist":2255.531337338,
         "MS_minerals_hist":48134.6956739518
      },
      {
         "date":"1939-01-01",
         "MS_timber_hist":22479.7617288825,
         "MS_iron_hist":1964.7487518976,
         "MS_other_hist":1997.7765640809,
         "MS_minerals_hist":43283.3202985399
      },
      {
         "date":"1940-01-01",
         "MS_timber_hist":21923.0924260647,
         "MS_iron_hist":1952.8864496546,
         "MS_other_hist":2003.5678556663,
         "MS_minerals_hist":43774.9289288083
      },
      {
         "date":"1941-01-01",
         "MS_timber_hist":21788.6137504784,
         "MS_iron_hist":1988.8073645758,
         "MS_other_hist":2045.2821007955,
         "MS_minerals_hist":45313.4678096381
      },
      {
         "date":"1942-01-01",
         "MS_timber_hist":22063.148426788,
         "MS_iron_hist":2072.4361259392,
         "MS_other_hist":2131.8596193627,
         "MS_minerals_hist":47816.5068838641
      },
      {
         "date":"1943-01-01",
         "MS_timber_hist":21852.4220731399,
         "MS_iron_hist":2110.1237533547,
         "MS_other_hist":2175.589236528,
         "MS_minerals_hist":48933.4857454101
      },
      {
         "date":"1944-01-01",
         "MS_timber_hist":22920.5036777073,
         "MS_iron_hist":2268.1664872007,
         "MS_other_hist":2344.3598530531,
         "MS_minerals_hist":52740.4071025536
      },
      {
         "date":"1945-01-01",
         "MS_timber_hist":45878.4607021015,
         "MS_iron_hist":4657.1185366297,
         "MS_other_hist":4822.8244714551,
         "MS_minerals_hist":108745.641462063
      },
      {
         "date":"1946-01-01",
         "MS_timber_hist":42413.945882074,
         "MS_iron_hist":4367.2272347246,
         "MS_other_hist":4522.7537694155,
         "MS_minerals_hist":104111.555082466
      },
      {
         "date":"1947-01-01",
         "MS_timber_hist":39504.7565436001,
         "MS_iron_hist":4155.7028341006,
         "MS_other_hist":4304.3878017692,
         "MS_minerals_hist":100763.116477169
      },
      {
         "date":"1948-01-01",
         "MS_timber_hist":34618.8912980083,
         "MS_iron_hist":3727.2101253955,
         "MS_other_hist":3845.5871455873,
         "MS_minerals_hist":91744.2979621831
      },
      {
         "date":"1949-01-01",
         "MS_timber_hist":32537.0385959425,
         "MS_iron_hist":3576.2591499663,
         "MS_other_hist":3689.6462701538,
         "MS_minerals_hist":89727.8718030553
      },
      {
         "date":"1950-01-01",
         "MS_timber_hist":30033.1135365416,
         "MS_iron_hist":3371.9570610005,
         "MS_other_hist":3476.381035494,
         "MS_minerals_hist":86144.6556766076
      },
      {
         "date":"1951-01-01",
         "MS_timber_hist":26900.521342324,
         "MS_iron_hist":3102.4555096898,
         "MS_other_hist":3169.3838067709,
         "MS_minerals_hist":80452.4970258202
      },
      {
         "date":"1952-01-01",
         "MS_timber_hist":24275.7773315254,
         "MS_iron_hist":2848.1021057639,
         "MS_other_hist":2908.7796222611,
         "MS_minerals_hist":75718.1045709359
      },
      {
         "date":"1953-01-01",
         "MS_timber_hist":22767.1651026342,
         "MS_iron_hist":2737.2503176351,
         "MS_other_hist":2783.2697570179,
         "MS_minerals_hist":73973.5613172366
      },
      {
         "date":"1954-01-01",
         "MS_timber_hist":21688.5157447553,
         "MS_iron_hist":2637.8974481752,
         "MS_other_hist":2698.1645041437,
         "MS_minerals_hist":73789.4802592665
      },
      {
         "date":"1955-01-01",
         "MS_timber_hist":20129.9237213306,
         "MS_iron_hist":2493.5783299017,
         "MS_other_hist":2548.3630237851,
         "MS_minerals_hist":71904.4348284653
      },
      {
         "date":"1956-01-01",
         "MS_timber_hist":18896.085303972,
         "MS_iron_hist":2378.3693910195,
         "MS_other_hist":2433.5271436947,
         "MS_minerals_hist":70814.6833644878
      },
      {
         "date":"1957-01-01",
         "MS_timber_hist":17707.9007684894,
         "MS_iron_hist":2277.9807728394,
         "MS_other_hist":2324.3674910364,
         "MS_minerals_hist":69593.4270642434
      },
      {
         "date":"1958-01-01",
         "MS_timber_hist":16821.5909108803,
         "MS_iron_hist":2185.5838493125,
         "MS_other_hist":2243.6140629181,
         "MS_minerals_hist":69270.8244545561
      },
      {
         "date":"1959-01-01",
         "MS_timber_hist":15541.6432684739,
         "MS_iron_hist":2034.6495917819,
         "MS_other_hist":2087.9177928453,
         "MS_minerals_hist":66977.8827727132
      },
      {
         "date":"1960-01-01",
         "MS_timber_hist":13825.6876138308,
         "MS_iron_hist":1836.8094636321,
         "MS_other_hist":1883.8628666379,
         "MS_minerals_hist":62225.8244105962
      },
      {
         "date":"1961-01-01",
         "MS_timber_hist":12398.9310296757,
         "MS_iron_hist":1660.2138201389,
         "MS_other_hist":1722.1375826628,
         "MS_minerals_hist":58144.6072698733
      },
      {
         "date":"1962-01-01",
         "MS_timber_hist":11456.2100056164,
         "MS_iron_hist":1548.2227752532,
         "MS_other_hist":1619.4571526004,
         "MS_minerals_hist":55902.2775369693
      },
      {
         "date":"1963-01-01",
         "MS_timber_hist":10625.6196640235,
         "MS_iron_hist":1449.2973999135,
         "MS_other_hist":1528.5629400099,
         "MS_minerals_hist":54075.8979234495
      },
      {
         "date":"1964-01-01",
         "MS_timber_hist":9590.3746328945,
         "MS_iron_hist":1323.9970568748,
         "MS_other_hist":1403.6226274855,
         "MS_minerals_hist":50839.412368499
      },
      {
         "date":"1965-01-01",
         "MS_timber_hist":9145.0954669941,
         "MS_iron_hist":1279.395588859,
         "MS_other_hist":1361.0581392894,
         "MS_minerals_hist":50466.3866725549
      },
      {
         "date":"1966-01-01",
         "MS_timber_hist":8347.9955443001,
         "MS_iron_hist":1183.1691179118,
         "MS_other_hist":1262.8249488193,
         "MS_minerals_hist":47894.6809286405
      },
      {
         "date":"1967-01-01",
         "MS_timber_hist":7582.0146129072,
         "MS_iron_hist":1086.9737372698,
         "MS_other_hist":1155.3955905909,
         "MS_minerals_hist":45094.9515748126
      },
      {
         "date":"1968-01-01",
         "MS_timber_hist":6785.1389258298,
         "MS_iron_hist":983.9582656392,
         "MS_other_hist":1046.9197179321,
         "MS_minerals_hist":41805.4427345075
      },
      {
         "date":"1969-01-01",
         "MS_timber_hist":6094.0737181692,
         "MS_iron_hist":891.1903313211,
         "MS_other_hist":957.9876267769,
         "MS_minerals_hist":38865.7914598
      },
      {
         "date":"1970-01-01",
         "MS_timber_hist":5558.460295666,
         "MS_iron_hist":820.0711484579,
         "MS_other_hist":891.101988411,
         "MS_minerals_hist":36673.7886902751
      },
      {
         "date":"1971-01-01",
         "MS_timber_hist":5367.1602248782,
         "MS_iron_hist":797.56262517,
         "MS_other_hist":873.5219355907,
         "MS_minerals_hist":36582.7017531073
      },
      {
         "date":"1972-01-01",
         "MS_timber_hist":5002.4224337034,
         "MS_iron_hist":746.9291388404,
         "MS_other_hist":830.9073692222,
         "MS_minerals_hist":35225.3012080408
      },
      {
         "date":"1973-01-01",
         "MS_timber_hist":4680.1487688276,
         "MS_iron_hist":703.6501708254,
         "MS_other_hist":793.2309266625,
         "MS_minerals_hist":34113.3552904823
      },
      {
         "date":"1974-01-01",
         "MS_timber_hist":4784.7865740702,
         "MS_iron_hist":725.0528922985,
         "MS_other_hist":825.2435037706,
         "MS_minerals_hist":36018.8084313494
      },
      {
         "date":"1975-01-01",
         "MS_timber_hist":4669.7036798077,
         "MS_iron_hist":714.0795599273,
         "MS_other_hist":818.9537710883,
         "MS_minerals_hist":36111.7057540723
      },
      {
         "date":"1976-01-01",
         "MS_timber_hist":4532.2175893591,
         "MS_iron_hist":697.3619910854,
         "MS_other_hist":806.8716382827,
         "MS_minerals_hist":35845.6656778587
      },
      {
         "date":"1977-01-01",
         "MS_timber_hist":4382.6946618832,
         "MS_iron_hist":674.590771905,
         "MS_other_hist":790.2957257604,
         "MS_minerals_hist":35488.7583486713
      },
      {
         "date":"1978-01-01",
         "MS_timber_hist":4214.2895212776,
         "MS_iron_hist":649.5270616383,
         "MS_other_hist":768.3940113364,
         "MS_minerals_hist":34933.4996146617
      },
      {
         "date":"1979-01-01",
         "MS_timber_hist":4042.9565819204,
         "MS_iron_hist":623.6063419977,
         "MS_other_hist":745.9581821865,
         "MS_minerals_hist":34281.350040091
      },
      {
         "date":"1980-01-01",
         "MS_timber_hist":3967.1026882256,
         "MS_iron_hist":610.2915607106,
         "MS_other_hist":738.1238308316,
         "MS_minerals_hist":34292.7926094219
      },
      {
         "date":"1981-01-01",
         "MS_timber_hist":3876.463541238,
         "MS_iron_hist":597.0912990549,
         "MS_other_hist":731.0707600192,
         "MS_minerals_hist":34024.8827675371
      },
      {
         "date":"1982-01-01",
         "MS_timber_hist":3782.88090157,
         "MS_iron_hist":578.3212907165,
         "MS_other_hist":720.315319853,
         "MS_minerals_hist":33689.0374526464
      },
      {
         "date":"1983-01-01",
         "MS_timber_hist":3731.5682895854,
         "MS_iron_hist":564.1359249388,
         "MS_other_hist":714.1714417095,
         "MS_minerals_hist":33673.7694804041
      },
      {
         "date":"1984-01-01",
         "MS_timber_hist":3632.8916339858,
         "MS_iron_hist":544.3541747039,
         "MS_other_hist":696.0487665921,
         "MS_minerals_hist":33217.7874312303
      },
      {
         "date":"1985-01-01",
         "MS_timber_hist":3518.1356339313,
         "MS_iron_hist":522.0547078233,
         "MS_other_hist":674.1100861094,
         "MS_minerals_hist":32642.0839134909
      },
      {
         "date":"1986-01-01",
         "MS_timber_hist":3465.8654218525,
         "MS_iron_hist":506.53623973,
         "MS_other_hist":661.6380222875,
         "MS_minerals_hist":32535.6328211246
      },
      {
         "date":"1987-01-01",
         "MS_timber_hist":3376.7446325944,
         "MS_iron_hist":486.0968010161,
         "MS_other_hist":642.0881134736,
         "MS_minerals_hist":32107.9090617682
      },
      {
         "date":"1988-01-01",
         "MS_timber_hist":3221.1350737295,
         "MS_iron_hist":458.732033906,
         "MS_other_hist":613.6400370239,
         "MS_minerals_hist":31067.3702239798
      },
      {
         "date":"1989-01-01",
         "MS_timber_hist":3113.1109313625,
         "MS_iron_hist":437.8001796234,
         "MS_other_hist":594.405426585,
         "MS_minerals_hist":30385.1004668775
      },
      {
         "date":"1990-01-01",
         "MS_timber_hist":3001.5776464492,
         "MS_iron_hist":416.5410073051,
         "MS_other_hist":574.9975133685,
         "MS_minerals_hist":29632.8336416375
      },
      {
         "date":"1991-01-01",
         "MS_timber_hist":2932.1730371337,
         "MS_iron_hist":402.3057519404,
         "MS_other_hist":564.9920348052,
         "MS_minerals_hist":29279.5363520971
      },
      {
         "date":"1992-01-01",
         "MS_timber_hist":2935.2327696228,
         "MS_iron_hist":397.64954061,
         "MS_other_hist":568.8994274254,
         "MS_minerals_hist":29602.2312821409
      },
      {
         "date":"1993-01-01",
         "MS_timber_hist":2962.5837740982,
         "MS_iron_hist":396.1499952978,
         "MS_other_hist":577.4524639723,
         "MS_minerals_hist":30183.2339434024
      },
      {
         "date":"1994-01-01",
         "MS_timber_hist":2966.2615013462,
         "MS_iron_hist":392.7699405752,
         "MS_other_hist":581.3014675372,
         "MS_minerals_hist":30554.490696717
      },
      {
         "date":"1995-01-01",
         "MS_timber_hist":2941.8204681334,
         "MS_iron_hist":385.3963577096,
         "MS_other_hist":580.4328376478,
         "MS_minerals_hist":30649.4162876007
      },
      {
         "date":"1996-01-01",
         "MS_timber_hist":2876.6057361644,
         "MS_iron_hist":373.4770606046,
         "MS_other_hist":571.7188530544,
         "MS_minerals_hist":30314.3045052635
      },
      {
         "date":"1997-01-01",
         "MS_timber_hist":2860.5621559804,
         "MS_iron_hist":367.9097894,
         "MS_other_hist":572.5220126668,
         "MS_minerals_hist":30504.8785183683
      },
      {
         "date":"1998-01-01",
         "MS_timber_hist":2983.8239319546,
         "MS_iron_hist":381.0144466039,
         "MS_other_hist":601.3416679103,
         "MS_minerals_hist":32214.4291530163
      },
      {
         "date":"1999-01-01",
         "MS_timber_hist":3025.1490115084,
         "MS_iron_hist":382.4638847342,
         "MS_other_hist":611.586184332,
         "MS_minerals_hist":33069.6852152699
      },
      {
         "date":"2000-01-01",
         "MS_timber_hist":2975.5437850133,
         "MS_iron_hist":373.1568523337,
         "MS_other_hist":601.0559678858,
         "MS_minerals_hist":32941.5871516019
      },
      {
         "date":"2001-01-01",
         "MS_timber_hist":3001.3101950163,
         "MS_iron_hist":371.4860537987,
         "MS_other_hist":606.384911248,
         "MS_minerals_hist":33645.3215539498
      },
      {
         "date":"2002-01-01",
         "MS_timber_hist":3025.2577748897,
         "MS_iron_hist":369.9329915494,
         "MS_other_hist":609.4655128653,
         "MS_minerals_hist":34283.532527926
      },
      {
         "date":"2003-01-01",
         "MS_timber_hist":3003.7321367159,
         "MS_iron_hist":361.7012841434,
         "MS_other_hist":601.8707979321,
         "MS_minerals_hist":34393.0992497322
      },
      {
         "date":"2004-01-01",
         "MS_timber_hist":2966.3937787151,
         "MS_iron_hist":352.7137585769,
         "MS_other_hist":590.2685906061,
         "MS_minerals_hist":34344.4351777709
      },
      {
         "date":"2005-01-01",
         "MS_timber_hist":2942.9532662478,
         "MS_iron_hist":344.8851975418,
         "MS_other_hist":581.2562532486,
         "MS_minerals_hist":34471.5877353759
      }
   ],
   "2":[
      {
         "date":"1930-01-01",
         "GS_timber_hist":892,
         "GS_iron_hist":102,
         "GS_other_hist":117,
         "GS_minerals_hist":2996,
         "RS_timber_hist":614,
         "RS_iron_hist":19,
         "RS_other_hist":15,
         "RS_minerals_hist":267
      },
      {
         "date":"1931-01-01",
         "GS_timber_hist":643,
         "GS_iron_hist":54,
         "GS_other_hist":81,
         "GS_minerals_hist":2476,
         "RS_timber_hist":631,
         "RS_iron_hist":20,
         "RS_other_hist":16,
         "RS_minerals_hist":281
      },
      {
         "date":"1932-01-01",
         "GS_timber_hist":455,
         "GS_iron_hist":16,
         "GS_other_hist":42,
         "GS_minerals_hist":1685,
         "RS_timber_hist":603,
         "RS_iron_hist":20,
         "RS_other_hist":15,
         "RS_minerals_hist":275
      },
      {
         "date":"1933-01-01",
         "GS_timber_hist":489,
         "GS_iron_hist":26,
         "GS_other_hist":40,
         "GS_minerals_hist":1436,
         "RS_timber_hist":568,
         "RS_iron_hist":19,
         "RS_other_hist":15,
         "RS_minerals_hist":266
      },
      {
         "date":"1934-01-01",
         "GS_timber_hist":522,
         "GS_iron_hist":33,
         "GS_other_hist":47,
         "GS_minerals_hist":1703,
         "RS_timber_hist":586,
         "RS_iron_hist":20,
         "RS_other_hist":16,
         "RS_minerals_hist":282
      },
      {
         "date":"1935-01-01",
         "GS_timber_hist":595,
         "GS_iron_hist":40,
         "GS_other_hist":54,
         "GS_minerals_hist":1654,
         "RS_timber_hist":588,
         "RS_iron_hist":21,
         "RS_other_hist":17,
         "RS_minerals_hist":292
      },
      {
         "date":"1936-01-01",
         "GS_timber_hist":655,
         "GS_iron_hist":62,
         "GS_other_hist":67,
         "GS_minerals_hist":2208,
         "RS_timber_hist":565,
         "RS_iron_hist":20,
         "RS_other_hist":16,
         "RS_minerals_hist":289
      },
      {
         "date":"1937-01-01",
         "GS_timber_hist":666,
         "GS_iron_hist":85,
         "GS_other_hist":80,
         "GS_minerals_hist":2200,
         "RS_timber_hist":555,
         "RS_iron_hist":21,
         "RS_other_hist":17,
         "RS_minerals_hist":293
      },
      {
         "date":"1938-01-01",
         "GS_timber_hist":540,
         "GS_iron_hist":31,
         "GS_other_hist":59,
         "GS_minerals_hist":1996,
         "RS_timber_hist":534,
         "RS_iron_hist":20,
         "RS_other_hist":17,
         "RS_minerals_hist":291
      },
      {
         "date":"1939-01-01",
         "GS_timber_hist":533,
         "GS_iron_hist":47,
         "GS_other_hist":64,
         "GS_minerals_hist":1965,
         "RS_timber_hist":473,
         "RS_iron_hist":18,
         "RS_other_hist":15,
         "RS_minerals_hist":267
      },
      {
         "date":"1940-01-01",
         "GS_timber_hist":552,
         "GS_iron_hist":63,
         "GS_other_hist":78,
         "GS_minerals_hist":1993,
         "RS_timber_hist":471,
         "RS_iron_hist":19,
         "RS_other_hist":16,
         "RS_minerals_hist":274
      },
      {
         "date":"1941-01-01",
         "GS_timber_hist":637,
         "GS_iron_hist":82,
         "GS_other_hist":85,
         "GS_minerals_hist":2416,
         "RS_timber_hist":476,
         "RS_iron_hist":20,
         "RS_other_hist":16,
         "RS_minerals_hist":287
      },
      {
         "date":"1942-01-01",
         "GS_timber_hist":645,
         "GS_iron_hist":94,
         "GS_other_hist":93,
         "GS_minerals_hist":2563,
         "RS_timber_hist":489,
         "RS_iron_hist":21,
         "RS_other_hist":17,
         "RS_minerals_hist":306
      },
      {
         "date":"1943-01-01",
         "GS_timber_hist":591,
         "GS_iron_hist":88,
         "GS_other_hist":92,
         "GS_minerals_hist":2106,
         "RS_timber_hist":492,
         "RS_iron_hist":21,
         "RS_other_hist":18,
         "RS_minerals_hist":318
      },
      {
         "date":"1944-01-01",
         "GS_timber_hist":607,
         "GS_iron_hist":86,
         "GS_other_hist":91,
         "GS_minerals_hist":1954,
         "RS_timber_hist":524,
         "RS_iron_hist":23,
         "RS_other_hist":20,
         "RS_minerals_hist":351
      },
      {
         "date":"1945-01-01",
         "GS_timber_hist":1103,
         "GS_iron_hist":170,
         "GS_other_hist":176,
         "GS_minerals_hist":4006,
         "RS_timber_hist":1065,
         "RS_iron_hist":49,
         "RS_other_hist":42,
         "RS_minerals_hist":741
      },
      {
         "date":"1946-01-01",
         "GS_timber_hist":1188,
         "GS_iron_hist":128,
         "GS_other_hist":125,
         "GS_minerals_hist":4753,
         "RS_timber_hist":996,
         "RS_iron_hist":47,
         "RS_other_hist":40,
         "RS_minerals_hist":721
      },
      {
         "date":"1947-01-01",
         "GS_timber_hist":1157,
         "GS_iron_hist":156,
         "GS_other_hist":155,
         "GS_minerals_hist":5041,
         "RS_timber_hist":936,
         "RS_iron_hist":45,
         "RS_other_hist":39,
         "RS_minerals_hist":705
      },
      {
         "date":"1948-01-01",
         "GS_timber_hist":1057,
         "GS_iron_hist":151,
         "GS_other_hist":135,
         "GS_minerals_hist":4681,
         "RS_timber_hist":825,
         "RS_iron_hist":41,
         "RS_other_hist":36,
         "RS_minerals_hist":648
      },
      {
         "date":"1949-01-01",
         "GS_timber_hist":870,
         "GS_iron_hist":123,
         "GS_other_hist":120,
         "GS_minerals_hist":4371,
         "RS_timber_hist":782,
         "RS_iron_hist":40,
         "RS_other_hist":35,
         "RS_minerals_hist":640
      },
      {
         "date":"1950-01-01",
         "GS_timber_hist":936,
         "GS_iron_hist":132,
         "GS_other_hist":128,
         "GS_minerals_hist":4522,
         "RS_timber_hist":725,
         "RS_iron_hist":38,
         "RS_other_hist":34,
         "RS_minerals_hist":618
      },
      {
         "date":"1951-01-01",
         "GS_timber_hist":845,
         "GS_iron_hist":139,
         "GS_other_hist":109,
         "GS_minerals_hist":4432,
         "RS_timber_hist":650,
         "RS_iron_hist":35,
         "RS_other_hist":31,
         "RS_minerals_hist":579
      },
      {
         "date":"1952-01-01",
         "GS_timber_hist":756,
         "GS_iron_hist":100,
         "GS_other_hist":98,
         "GS_minerals_hist":4167,
         "RS_timber_hist":587,
         "RS_iron_hist":33,
         "RS_other_hist":29,
         "RS_minerals_hist":546
      },
      {
         "date":"1953-01-01",
         "GS_timber_hist":708,
         "GS_iron_hist":116,
         "GS_other_hist":102,
         "GS_minerals_hist":3986,
         "RS_timber_hist":550,
         "RS_iron_hist":31,
         "RS_other_hist":28,
         "RS_minerals_hist":534
      },
      {
         "date":"1954-01-01",
         "GS_timber_hist":663,
         "GS_iron_hist":78,
         "GS_other_hist":92,
         "GS_minerals_hist":4306,
         "RS_timber_hist":523,
         "RS_iron_hist":31,
         "RS_other_hist":28,
         "RS_minerals_hist":532
      },
      {
         "date":"1955-01-01",
         "GS_timber_hist":643,
         "GS_iron_hist":94,
         "GS_other_hist":91,
         "GS_minerals_hist":4472,
         "RS_timber_hist":484,
         "RS_iron_hist":29,
         "RS_other_hist":27,
         "RS_minerals_hist":515
      },
      {
         "date":"1956-01-01",
         "GS_timber_hist":626,
         "GS_iron_hist":87,
         "GS_other_hist":89,
         "GS_minerals_hist":4441,
         "RS_timber_hist":452,
         "RS_iron_hist":28,
         "RS_other_hist":26,
         "RS_minerals_hist":503
      },
      {
         "date":"1957-01-01",
         "GS_timber_hist":521,
         "GS_iron_hist":89,
         "GS_other_hist":82,
         "GS_minerals_hist":4095,
         "RS_timber_hist":422,
         "RS_iron_hist":27,
         "RS_other_hist":25,
         "RS_minerals_hist":491
      },
      {
         "date":"1958-01-01",
         "GS_timber_hist":488,
         "GS_iron_hist":59,
         "GS_other_hist":72,
         "GS_minerals_hist":3995,
         "RS_timber_hist":399,
         "RS_iron_hist":26,
         "RS_other_hist":24,
         "RS_minerals_hist":487
      },
      {
         "date":"1959-01-01",
         "GS_timber_hist":492,
         "GS_iron_hist":56,
         "GS_other_hist":55,
         "GS_minerals_hist":3964,
         "RS_timber_hist":366,
         "RS_iron_hist":25,
         "RS_other_hist":23,
         "RS_minerals_hist":468
      },
      {
         "date":"1960-01-01",
         "GS_timber_hist":411,
         "GS_iron_hist":60,
         "GS_other_hist":59,
         "GS_minerals_hist":3452,
         "RS_timber_hist":323,
         "RS_iron_hist":22,
         "RS_other_hist":21,
         "RS_minerals_hist":433
      },
      {
         "date":"1961-01-01",
         "GS_timber_hist":347,
         "GS_iron_hist":41,
         "GS_other_hist":60,
         "GS_minerals_hist":3009,
         "RS_timber_hist":288,
         "RS_iron_hist":20,
         "RS_other_hist":20,
         "RS_minerals_hist":404
      },
      {
         "date":"1962-01-01",
         "GS_timber_hist":338,
         "GS_iron_hist":43,
         "GS_other_hist":57,
         "GS_minerals_hist":2909,
         "RS_timber_hist":265,
         "RS_iron_hist":19,
         "RS_other_hist":18,
         "RS_minerals_hist":388
      },
      {
         "date":"1963-01-01",
         "GS_timber_hist":308,
         "GS_iron_hist":40,
         "GS_other_hist":53,
         "GS_minerals_hist":2914,
         "RS_timber_hist":244,
         "RS_iron_hist":18,
         "RS_other_hist":18,
         "RS_minerals_hist":375
      },
      {
         "date":"1964-01-01",
         "GS_timber_hist":293,
         "GS_iron_hist":43,
         "GS_other_hist":51,
         "GS_minerals_hist":2765,
         "RS_timber_hist":218,
         "RS_iron_hist":17,
         "RS_other_hist":16,
         "RS_minerals_hist":351
      },
      {
         "date":"1965-01-01",
         "GS_timber_hist":288,
         "GS_iron_hist":44,
         "GS_other_hist":50,
         "GS_minerals_hist":2772,
         "RS_timber_hist":206,
         "RS_iron_hist":16,
         "RS_other_hist":16,
         "RS_minerals_hist":347
      },
      {
         "date":"1966-01-01",
         "GS_timber_hist":268,
         "GS_iron_hist":42,
         "GS_other_hist":47,
         "GS_minerals_hist":2610,
         "RS_timber_hist":186,
         "RS_iron_hist":15,
         "RS_other_hist":15,
         "RS_minerals_hist":327
      },
      {
         "date":"1967-01-01",
         "GS_timber_hist":234,
         "GS_iron_hist":35,
         "GS_other_hist":32,
         "GS_minerals_hist":2286,
         "RS_timber_hist":167,
         "RS_iron_hist":14,
         "RS_other_hist":14,
         "RS_minerals_hist":308
      },
      {
         "date":"1968-01-01",
         "GS_timber_hist":216,
         "GS_iron_hist":33,
         "GS_other_hist":36,
         "GS_minerals_hist":2139,
         "RS_timber_hist":148,
         "RS_iron_hist":12,
         "RS_other_hist":12,
         "RS_minerals_hist":285
      },
      {
         "date":"1969-01-01",
         "GS_timber_hist":193,
         "GS_iron_hist":27,
         "GS_other_hist":38,
         "GS_minerals_hist":1963,
         "RS_timber_hist":131,
         "RS_iron_hist":11,
         "RS_other_hist":11,
         "RS_minerals_hist":265
      },
      {
         "date":"1970-01-01",
         "GS_timber_hist":172,
         "GS_iron_hist":25,
         "GS_other_hist":36,
         "GS_minerals_hist":1817,
         "RS_timber_hist":118,
         "RS_iron_hist":10,
         "RS_other_hist":10,
         "RS_minerals_hist":249
      },
      {
         "date":"1971-01-01",
         "GS_timber_hist":171,
         "GS_iron_hist":24,
         "GS_other_hist":33,
         "GS_minerals_hist":1804,
         "RS_timber_hist":113,
         "RS_iron_hist":10,
         "RS_other_hist":10,
         "RS_minerals_hist":249
      },
      {
         "date":"1972-01-01",
         "GS_timber_hist":156,
         "GS_iron_hist":21,
         "GS_other_hist":35,
         "GS_minerals_hist":1721,
         "RS_timber_hist":105,
         "RS_iron_hist":9,
         "RS_other_hist":10,
         "RS_minerals_hist":240
      },
      {
         "date":"1973-01-01",
         "GS_timber_hist":147,
         "GS_iron_hist":21,
         "GS_other_hist":33,
         "GS_minerals_hist":1739,
         "RS_timber_hist":97,
         "RS_iron_hist":9,
         "RS_other_hist":9,
         "RS_minerals_hist":232
      },
      {
         "date":"1974-01-01",
         "GS_timber_hist":145,
         "GS_iron_hist":22,
         "GS_other_hist":32,
         "GS_minerals_hist":1727,
         "RS_timber_hist":98,
         "RS_iron_hist":9,
         "RS_other_hist":9,
         "RS_minerals_hist":245
      },
      {
         "date":"1975-01-01",
         "GS_timber_hist":124,
         "GS_iron_hist":20,
         "GS_other_hist":28,
         "GS_minerals_hist":1421,
         "RS_timber_hist":96,
         "RS_iron_hist":9,
         "RS_other_hist":9,
         "RS_minerals_hist":248
      },
      {
         "date":"1976-01-01",
         "GS_timber_hist":134,
         "GS_iron_hist":19,
         "GS_other_hist":28,
         "GS_minerals_hist":1363,
         "RS_timber_hist":93,
         "RS_iron_hist":9,
         "RS_other_hist":9,
         "RS_minerals_hist":249
      },
      {
         "date":"1977-01-01",
         "GS_timber_hist":130,
         "GS_iron_hist":15,
         "GS_other_hist":26,
         "GS_minerals_hist":1399,
         "RS_timber_hist":89,
         "RS_iron_hist":9,
         "RS_other_hist":9,
         "RS_minerals_hist":249
      },
      {
         "date":"1978-01-01",
         "GS_timber_hist":136,
         "GS_iron_hist":17,
         "GS_other_hist":26,
         "GS_minerals_hist":1469,
         "RS_timber_hist":85,
         "RS_iron_hist":8,
         "RS_other_hist":9,
         "RS_minerals_hist":247
      },
      {
         "date":"1979-01-01",
         "GS_timber_hist":129,
         "GS_iron_hist":16,
         "GS_other_hist":26,
         "GS_minerals_hist":1408,
         "RS_timber_hist":81,
         "RS_iron_hist":8,
         "RS_other_hist":8,
         "RS_minerals_hist":244
      },
      {
         "date":"1980-01-01",
         "GS_timber_hist":115,
         "GS_iron_hist":12,
         "GS_other_hist":21,
         "GS_minerals_hist":1199,
         "RS_timber_hist":80,
         "RS_iron_hist":8,
         "RS_other_hist":8,
         "RS_minerals_hist":248
      },
      {
         "date":"1981-01-01",
         "GS_timber_hist":109,
         "GS_iron_hist":13,
         "GS_other_hist":24,
         "GS_minerals_hist":1037,
         "RS_timber_hist":78,
         "RS_iron_hist":8,
         "RS_other_hist":8,
         "RS_minerals_hist":251
      },
      {
         "date":"1982-01-01",
         "GS_timber_hist":98,
         "GS_iron_hist":7,
         "GS_other_hist":19,
         "GS_minerals_hist":927,
         "RS_timber_hist":76,
         "RS_iron_hist":8,
         "RS_other_hist":8,
         "RS_minerals_hist":254
      },
      {
         "date":"1983-01-01",
         "GS_timber_hist":110,
         "GS_iron_hist":7,
         "GS_other_hist":18,
         "GS_minerals_hist":1008,
         "RS_timber_hist":75,
         "RS_iron_hist":8,
         "RS_other_hist":8,
         "RS_minerals_hist":259
      },
      {
         "date":"1984-01-01",
         "GS_timber_hist":115,
         "GS_iron_hist":9,
         "GS_other_hist":17,
         "GS_minerals_hist":1074,
         "RS_timber_hist":73,
         "RS_iron_hist":8,
         "RS_other_hist":8,
         "RS_minerals_hist":260
      },
      {
         "date":"1985-01-01",
         "GS_timber_hist":109,
         "GS_iron_hist":8,
         "GS_other_hist":15,
         "GS_minerals_hist":1086,
         "RS_timber_hist":71,
         "RS_iron_hist":7,
         "RS_other_hist":8,
         "RS_minerals_hist":261
      },
      {
         "date":"1986-01-01",
         "GS_timber_hist":116,
         "GS_iron_hist":6,
         "GS_other_hist":14,
         "GS_minerals_hist":1076,
         "RS_timber_hist":70,
         "RS_iron_hist":7,
         "RS_other_hist":8,
         "RS_minerals_hist":264
      },
      {
         "date":"1987-01-01",
         "GS_timber_hist":117,
         "GS_iron_hist":7,
         "GS_other_hist":15,
         "GS_minerals_hist":1136,
         "RS_timber_hist":68,
         "RS_iron_hist":7,
         "RS_other_hist":8,
         "RS_minerals_hist":265
      },
      {
         "date":"1988-01-01",
         "GS_timber_hist":106,
         "GS_iron_hist":8,
         "GS_other_hist":16,
         "GS_minerals_hist":1093,
         "RS_timber_hist":64,
         "RS_iron_hist":7,
         "RS_other_hist":7,
         "RS_minerals_hist":261
      },
      {
         "date":"1989-01-01",
         "GS_timber_hist":103,
         "GS_iron_hist":7,
         "GS_other_hist":16,
         "GS_minerals_hist":1009,
         "RS_timber_hist":62,
         "RS_iron_hist":7,
         "RS_other_hist":7,
         "RS_minerals_hist":259
      },
      {
         "date":"1990-01-01",
         "GS_timber_hist":99,
         "GS_iron_hist":6,
         "GS_other_hist":16,
         "GS_minerals_hist":975,
         "RS_timber_hist":60,
         "RS_iron_hist":6,
         "RS_other_hist":7,
         "RS_minerals_hist":258
      },
      {
         "date":"1991-01-01",
         "GS_timber_hist":87,
         "GS_iron_hist":6,
         "GS_other_hist":16,
         "GS_minerals_hist":867,
         "RS_timber_hist":59,
         "RS_iron_hist":6,
         "RS_other_hist":7,
         "RS_minerals_hist":260
      },
      {
         "date":"1992-01-01",
         "GS_timber_hist":90,
         "GS_iron_hist":6,
         "GS_other_hist":16,
         "GS_minerals_hist":873,
         "RS_timber_hist":59,
         "RS_iron_hist":6,
         "RS_other_hist":7,
         "RS_minerals_hist":268
      },
      {
         "date":"1993-01-01",
         "GS_timber_hist":94,
         "GS_iron_hist":6,
         "GS_other_hist":17,
         "GS_minerals_hist":933,
         "RS_timber_hist":59,
         "RS_iron_hist":6,
         "RS_other_hist":7,
         "RS_minerals_hist":279
      },
      {
         "date":"1994-01-01",
         "GS_timber_hist":95,
         "GS_iron_hist":7,
         "GS_other_hist":17,
         "GS_minerals_hist":987,
         "RS_timber_hist":59,
         "RS_iron_hist":7,
         "RS_other_hist":7,
         "RS_minerals_hist":288
      },
      {
         "date":"1995-01-01",
         "GS_timber_hist":93,
         "GS_iron_hist":7,
         "GS_other_hist":18,
         "GS_minerals_hist":990,
         "RS_timber_hist":59,
         "RS_iron_hist":7,
         "RS_other_hist":7,
         "RS_minerals_hist":294
      },
      {
         "date":"1996-01-01",
         "GS_timber_hist":90,
         "GS_iron_hist":7,
         "GS_other_hist":18,
         "GS_minerals_hist":978,
         "RS_timber_hist":58,
         "RS_iron_hist":6,
         "RS_other_hist":7,
         "RS_minerals_hist":296
      },
      {
         "date":"1997-01-01",
         "GS_timber_hist":91,
         "GS_iron_hist":7,
         "GS_other_hist":18,
         "GS_minerals_hist":1020,
         "RS_timber_hist":57,
         "RS_iron_hist":6,
         "RS_other_hist":7,
         "RS_minerals_hist":302
      },
      {
         "date":"1998-01-01",
         "GS_timber_hist":96,
         "GS_iron_hist":9,
         "GS_other_hist":19,
         "GS_minerals_hist":1109,
         "RS_timber_hist":60,
         "RS_iron_hist":7,
         "RS_other_hist":8,
         "RS_minerals_hist":324
      },
      {
         "date":"1999-01-01",
         "GS_timber_hist":98,
         "GS_iron_hist":8,
         "GS_other_hist":17,
         "GS_minerals_hist":1146,
         "RS_timber_hist":61,
         "RS_iron_hist":7,
         "RS_other_hist":8,
         "RS_minerals_hist":337
      },
      {
         "date":"2000-01-01",
         "GS_timber_hist":94,
         "GS_iron_hist":8,
         "GS_other_hist":14,
         "GS_minerals_hist":1133,
         "RS_timber_hist":60,
         "RS_iron_hist":7,
         "RS_other_hist":8,
         "RS_minerals_hist":340
      },
      {
         "date":"2001-01-01",
         "GS_timber_hist":91,
         "GS_iron_hist":6,
         "GS_other_hist":14,
         "GS_minerals_hist":1117,
         "RS_timber_hist":60,
         "RS_iron_hist":7,
         "RS_other_hist":8,
         "RS_minerals_hist":353
      },
      {
         "date":"2002-01-01",
         "GS_timber_hist":92,
         "GS_iron_hist":6,
         "GS_other_hist":13,
         "GS_minerals_hist":1091,
         "RS_timber_hist":61,
         "RS_iron_hist":7,
         "RS_other_hist":8,
         "RS_minerals_hist":365
      },
      {
         "date":"2003-01-01",
         "GS_timber_hist":91,
         "GS_iron_hist":5,
         "GS_other_hist":11,
         "GS_minerals_hist":1073,
         "RS_timber_hist":60,
         "RS_iron_hist":7,
         "RS_other_hist":8,
         "RS_minerals_hist":371
      },
      {
         "date":"2004-01-01",
         "GS_timber_hist":92,
         "GS_iron_hist":6,
         "GS_other_hist":11,
         "GS_minerals_hist":1131,
         "RS_timber_hist":59,
         "RS_iron_hist":7,
         "RS_other_hist":8,
         "RS_minerals_hist":376
      },
      {
         "date":"2005-01-01",
         "GS_timber_hist":91,
         "GS_iron_hist":5,
         "GS_other_hist":10,
         "GS_minerals_hist":1149,
         "RS_timber_hist":59,
         "RS_iron_hist":7,
         "RS_other_hist":8,
         "RS_minerals_hist":381
      }
   ],
   "3":[
      {
         "date":"1930-01-01",
         "MS_total_hist":99547
      },
      {
         "date":"1931-01-01",
         "MS_total_hist":101019
      },
      {
         "date":"1932-01-01",
         "MS_total_hist":94498
      },
      {
         "date":"1933-01-01",
         "MS_total_hist":87168
      },
      {
         "date":"1934-01-01",
         "MS_total_hist":88394
      },
      {
         "date":"1935-01-01",
         "MS_total_hist":87448
      },
      {
         "date":"1936-01-01",
         "MS_total_hist":83620
      },
      {
         "date":"1937-01-01",
         "MS_total_hist":81955
      },
      {
         "date":"1938-01-01",
         "MS_total_hist":78583
      },
      {
         "date":"1939-01-01",
         "MS_total_hist":69726
      },
      {
         "date":"1940-01-01",
         "MS_total_hist":69654
      },
      {
         "date":"1941-01-01",
         "MS_total_hist":71136
      },
      {
         "date":"1942-01-01",
         "MS_total_hist":74084
      },
      {
         "date":"1943-01-01",
         "MS_total_hist":75072
      },
      {
         "date":"1944-01-01",
         "MS_total_hist":80273
      },
      {
         "date":"1945-01-01",
         "MS_total_hist":164104
      },
      {
         "date":"1946-01-01",
         "MS_total_hist":155415
      },
      {
         "date":"1947-01-01",
         "MS_total_hist":148728
      },
      {
         "date":"1948-01-01",
         "MS_total_hist":133936
      },
      {
         "date":"1949-01-01",
         "MS_total_hist":129531
      },
      {
         "date":"1950-01-01",
         "MS_total_hist":123026
      },
      {
         "date":"1951-01-01",
         "MS_total_hist":113625
      },
      {
         "date":"1952-01-01",
         "MS_total_hist":105751
      },
      {
         "date":"1953-01-01",
         "MS_total_hist":102261
      },
      {
         "date":"1954-01-01",
         "MS_total_hist":100814
      },
      {
         "date":"1955-01-01",
         "MS_total_hist":97076
      },
      {
         "date":"1956-01-01",
         "MS_total_hist":94523
      },
      {
         "date":"1957-01-01",
         "MS_total_hist":91904
      },
      {
         "date":"1958-01-01",
         "MS_total_hist":90522
      },
      {
         "date":"1959-01-01",
         "MS_total_hist":86642
      },
      {
         "date":"1960-01-01",
         "MS_total_hist":79772
      },
      {
         "date":"1961-01-01",
         "MS_total_hist":73926
      },
      {
         "date":"1962-01-01",
         "MS_total_hist":70526
      },
      {
         "date":"1963-01-01",
         "MS_total_hist":67679
      },
      {
         "date":"1964-01-01",
         "MS_total_hist":63157
      },
      {
         "date":"1965-01-01",
         "MS_total_hist":62252
      },
      {
         "date":"1966-01-01",
         "MS_total_hist":58689
      },
      {
         "date":"1967-01-01",
         "MS_total_hist":54919
      },
      {
         "date":"1968-01-01",
         "MS_total_hist":50621
      },
      {
         "date":"1969-01-01",
         "MS_total_hist":46809
      },
      {
         "date":"1970-01-01",
         "MS_total_hist":43943
      },
      {
         "date":"1971-01-01",
         "MS_total_hist":43621
      },
      {
         "date":"1972-01-01",
         "MS_total_hist":41806
      },
      {
         "date":"1973-01-01",
         "MS_total_hist":40290
      },
      {
         "date":"1974-01-01",
         "MS_total_hist":42354
      },
      {
         "date":"1975-01-01",
         "MS_total_hist":42314
      },
      {
         "date":"1976-01-01",
         "MS_total_hist":41882
      },
      {
         "date":"1977-01-01",
         "MS_total_hist":41336
      },
      {
         "date":"1978-01-01",
         "MS_total_hist":40566
      },
      {
         "date":"1979-01-01",
         "MS_total_hist":39694
      },
      {
         "date":"1980-01-01",
         "MS_total_hist":39608
      },
      {
         "date":"1981-01-01",
         "MS_total_hist":39230
      },
      {
         "date":"1982-01-01",
         "MS_total_hist":38771
      },
      {
         "date":"1983-01-01",
         "MS_total_hist":38684
      },
      {
         "date":"1984-01-01",
         "MS_total_hist":38091
      },
      {
         "date":"1985-01-01",
         "MS_total_hist":37356
      },
      {
         "date":"1986-01-01",
         "MS_total_hist":37170
      },
      {
         "date":"1987-01-01",
         "MS_total_hist":36613
      },
      {
         "date":"1988-01-01",
         "MS_total_hist":35361
      },
      {
         "date":"1989-01-01",
         "MS_total_hist":34530
      },
      {
         "date":"1990-01-01",
         "MS_total_hist":33626
      },
      {
         "date":"1991-01-01",
         "MS_total_hist":33179
      },
      {
         "date":"1992-01-01",
         "MS_total_hist":33504
      },
      {
         "date":"1993-01-01",
         "MS_total_hist":34119
      },
      {
         "date":"1994-01-01",
         "MS_total_hist":34495
      },
      {
         "date":"1995-01-01",
         "MS_total_hist":34557
      },
      {
         "date":"1996-01-01",
         "MS_total_hist":34136
      },
      {
         "date":"1997-01-01",
         "MS_total_hist":34306
      },
      {
         "date":"1998-01-01",
         "MS_total_hist":36181
      },
      {
         "date":"1999-01-01",
         "MS_total_hist":37089
      },
      {
         "date":"2000-01-01",
         "MS_total_hist":36891
      },
      {
         "date":"2001-01-01",
         "MS_total_hist":37625
      },
      {
         "date":"2002-01-01",
         "MS_total_hist":38288
      },
      {
         "date":"2003-01-01",
         "MS_total_hist":38360
      },
      {
         "date":"2004-01-01",
         "MS_total_hist":38254
      },
      {
         "date":"2005-01-01",
         "MS_total_hist":38341
      }
   ],
   "4":[
      {
         "date":"1930-01-01",
         "GS_total_hist":4107,
         "RS_total_hist":915
      },
      {
         "date":"1931-01-01",
         "GS_total_hist":3253,
         "RS_total_hist":948
      },
      {
         "date":"1932-01-01",
         "GS_total_hist":2197,
         "RS_total_hist":913
      },
      {
         "date":"1933-01-01",
         "GS_total_hist":1990,
         "RS_total_hist":868
      },
      {
         "date":"1934-01-01",
         "GS_total_hist":2305,
         "RS_total_hist":904
      },
      {
         "date":"1935-01-01",
         "GS_total_hist":2344,
         "RS_total_hist":917
      },
      {
         "date":"1936-01-01",
         "GS_total_hist":2991,
         "RS_total_hist":891
      },
      {
         "date":"1937-01-01",
         "GS_total_hist":3032,
         "RS_total_hist":885
      },
      {
         "date":"1938-01-01",
         "GS_total_hist":2626,
         "RS_total_hist":862
      },
      {
         "date":"1939-01-01",
         "GS_total_hist":2610,
         "RS_total_hist":774
      },
      {
         "date":"1940-01-01",
         "GS_total_hist":2686,
         "RS_total_hist":780
      },
      {
         "date":"1941-01-01",
         "GS_total_hist":3220,
         "RS_total_hist":799
      },
      {
         "date":"1942-01-01",
         "GS_total_hist":3395,
         "RS_total_hist":833
      },
      {
         "date":"1943-01-01",
         "GS_total_hist":2877,
         "RS_total_hist":849
      },
      {
         "date":"1944-01-01",
         "GS_total_hist":2738,
         "RS_total_hist":918
      },
      {
         "date":"1945-01-01",
         "GS_total_hist":5454,
         "RS_total_hist":1897
      },
      {
         "date":"1946-01-01",
         "GS_total_hist":6193,
         "RS_total_hist":1804
      },
      {
         "date":"1947-01-01",
         "GS_total_hist":6509,
         "RS_total_hist":1726
      },
      {
         "date":"1948-01-01",
         "GS_total_hist":6023,
         "RS_total_hist":1550
      },
      {
         "date":"1949-01-01",
         "GS_total_hist":5483,
         "RS_total_hist":1497
      },
      {
         "date":"1950-01-01",
         "GS_total_hist":5719,
         "RS_total_hist":1414
      },
      {
         "date":"1951-01-01",
         "GS_total_hist":5526,
         "RS_total_hist":1295
      },
      {
         "date":"1952-01-01",
         "GS_total_hist":5121,
         "RS_total_hist":1194
      },
      {
         "date":"1953-01-01",
         "GS_total_hist":4912,
         "RS_total_hist":1144
      },
      {
         "date":"1954-01-01",
         "GS_total_hist":5139,
         "RS_total_hist":1114
      },
      {
         "date":"1955-01-01",
         "GS_total_hist":5299,
         "RS_total_hist":1055
      },
      {
         "date":"1956-01-01",
         "GS_total_hist":5243,
         "RS_total_hist":1008
      },
      {
         "date":"1957-01-01",
         "GS_total_hist":4786,
         "RS_total_hist":965
      },
      {
         "date":"1958-01-01",
         "GS_total_hist":4613,
         "RS_total_hist":936
      },
      {
         "date":"1959-01-01",
         "GS_total_hist":4568,
         "RS_total_hist":881
      },
      {
         "date":"1960-01-01",
         "GS_total_hist":3982,
         "RS_total_hist":800
      },
      {
         "date":"1961-01-01",
         "GS_total_hist":3458,
         "RS_total_hist":732
      },
      {
         "date":"1962-01-01",
         "GS_total_hist":3346,
         "RS_total_hist":691
      },
      {
         "date":"1963-01-01",
         "GS_total_hist":3314,
         "RS_total_hist":654
      },
      {
         "date":"1964-01-01",
         "GS_total_hist":3151,
         "RS_total_hist":601
      },
      {
         "date":"1965-01-01",
         "GS_total_hist":3155,
         "RS_total_hist":584
      },
      {
         "date":"1966-01-01",
         "GS_total_hist":2967,
         "RS_total_hist":542
      },
      {
         "date":"1967-01-01",
         "GS_total_hist":2587,
         "RS_total_hist":502
      },
      {
         "date":"1968-01-01",
         "GS_total_hist":2424,
         "RS_total_hist":457
      },
      {
         "date":"1969-01-01",
         "GS_total_hist":2222,
         "RS_total_hist":418
      },
      {
         "date":"1970-01-01",
         "GS_total_hist":2051,
         "RS_total_hist":389
      },
      {
         "date":"1971-01-01",
         "GS_total_hist":2032,
         "RS_total_hist":382
      },
      {
         "date":"1972-01-01",
         "GS_total_hist":1933,
         "RS_total_hist":363
      },
      {
         "date":"1973-01-01",
         "GS_total_hist":1940,
         "RS_total_hist":347
      },
      {
         "date":"1974-01-01",
         "GS_total_hist":1926,
         "RS_total_hist":362
      },
      {
         "date":"1975-01-01",
         "GS_total_hist":1592,
         "RS_total_hist":362
      },
      {
         "date":"1976-01-01",
         "GS_total_hist":1544,
         "RS_total_hist":359
      },
      {
         "date":"1977-01-01",
         "GS_total_hist":1571,
         "RS_total_hist":355
      },
      {
         "date":"1978-01-01",
         "GS_total_hist":1648,
         "RS_total_hist":349
      },
      {
         "date":"1979-01-01",
         "GS_total_hist":1579,
         "RS_total_hist":342
      },
      {
         "date":"1980-01-01",
         "GS_total_hist":1346,
         "RS_total_hist":344
      },
      {
         "date":"1981-01-01",
         "GS_total_hist":1183,
         "RS_total_hist":345
      },
      {
         "date":"1982-01-01",
         "GS_total_hist":1051,
         "RS_total_hist":346
      },
      {
         "date":"1983-01-01",
         "GS_total_hist":1143,
         "RS_total_hist":350
      },
      {
         "date":"1984-01-01",
         "GS_total_hist":1215,
         "RS_total_hist":349
      },
      {
         "date":"1985-01-01",
         "GS_total_hist":1219,
         "RS_total_hist":347
      },
      {
         "date":"1986-01-01",
         "GS_total_hist":1214,
         "RS_total_hist":349
      },
      {
         "date":"1987-01-01",
         "GS_total_hist":1275,
         "RS_total_hist":348
      },
      {
         "date":"1988-01-01",
         "GS_total_hist":1223,
         "RS_total_hist":339
      },
      {
         "date":"1989-01-01",
         "GS_total_hist":1135,
         "RS_total_hist":335
      },
      {
         "date":"1990-01-01",
         "GS_total_hist":1097,
         "RS_total_hist":331
      },
      {
         "date":"1991-01-01",
         "GS_total_hist":975,
         "RS_total_hist":332
      },
      {
         "date":"1992-01-01",
         "GS_total_hist":985,
         "RS_total_hist":341
      },
      {
         "date":"1993-01-01",
         "GS_total_hist":1050,
         "RS_total_hist":352
      },
      {
         "date":"1994-01-01",
         "GS_total_hist":1107,
         "RS_total_hist":361
      },
      {
         "date":"1995-01-01",
         "GS_total_hist":1108,
         "RS_total_hist":367
      },
      {
         "date":"1996-01-01",
         "GS_total_hist":1094,
         "RS_total_hist":367
      },
      {
         "date":"1997-01-01",
         "GS_total_hist":1137,
         "RS_total_hist":373
      },
      {
         "date":"1998-01-01",
         "GS_total_hist":1233,
         "RS_total_hist":398
      },
      {
         "date":"1999-01-01",
         "GS_total_hist":1268,
         "RS_total_hist":412
      },
      {
         "date":"2000-01-01",
         "GS_total_hist":1249,
         "RS_total_hist":414
      },
      {
         "date":"2001-01-01",
         "GS_total_hist":1229,
         "RS_total_hist":427
      },
      {
         "date":"2002-01-01",
         "GS_total_hist":1202,
         "RS_total_hist":440
      },
      {
         "date":"2003-01-01",
         "GS_total_hist":1180,
         "RS_total_hist":447
      },
      {
         "date":"2004-01-01",
         "GS_total_hist":1240,
         "RS_total_hist":450
      },
      {
         "date":"2005-01-01",
         "GS_total_hist":1255,
         "RS_total_hist":455
      }
   ]
}
