{
   "1":[
      {
         "date":"1930-01-01",
         "MS_timber_hist":1.0,
         "MS_iron_hist":1.0,
         "MS_other_hist":1.0,
         "MS_minerals_hist":1.0
      },
      {
         "date":"1931-01-01",
         "MS_timber_hist":1.0,
         "MS_iron_hist":1.0,
         "MS_other_hist":1.0,
         "MS_minerals_hist":1.0
      },
      {
         "date":"1932-01-01",
         "MS_timber_hist":1.0,
         "MS_iron_hist":1.0,
         "MS_other_hist":1.0,
         "MS_minerals_hist":1.1
      },
      {
         "date":"1933-01-01",
         "MS_timber_hist":1.0,
         "MS_iron_hist":1.0,
         "MS_other_hist":1.0,
         "MS_minerals_hist":1.1
      },
      {
         "date":"1934-01-01",
         "MS_timber_hist":1.0,
         "MS_iron_hist":1.0,
         "MS_other_hist":1.1,
         "MS_minerals_hist":1.1
      },
      {
         "date":"1935-01-01",
         "MS_timber_hist":1.0,
         "MS_iron_hist":1.0,
         "MS_other_hist":1.1,
         "MS_minerals_hist":1.2
      },
      {
         "date":"1936-01-01",
         "MS_timber_hist":1.0,
         "MS_iron_hist":1.0,
         "MS_other_hist":1.1,
         "MS_minerals_hist":1.2
      },
      {
         "date":"1937-01-01",
         "MS_timber_hist":1.0,
         "MS_iron_hist":1.1,
         "MS_other_hist":1.1,
         "MS_minerals_hist":1.2
      },
      {
         "date":"1938-01-01",
         "MS_timber_hist":1.0,
         "MS_iron_hist":1.1,
         "MS_other_hist":1.1,
         "MS_minerals_hist":1.3
      },
      {
         "date":"1939-01-01",
         "MS_timber_hist":1.0,
         "MS_iron_hist":1.1,
         "MS_other_hist":1.2,
         "MS_minerals_hist":1.3
      },
      {
         "date":"1940-01-01",
         "MS_timber_hist":1.0,
         "MS_iron_hist":1.1,
         "MS_other_hist":1.2,
         "MS_minerals_hist":1.4
      },
      {
         "date":"1941-01-01",
         "MS_timber_hist":1.0,
         "MS_iron_hist":1.2,
         "MS_other_hist":1.3,
         "MS_minerals_hist":1.5
      },
      {
         "date":"1942-01-01",
         "MS_timber_hist":1.0,
         "MS_iron_hist":1.2,
         "MS_other_hist":1.3,
         "MS_minerals_hist":1.5
      },
      {
         "date":"1943-01-01",
         "MS_timber_hist":1.0,
         "MS_iron_hist":1.2,
         "MS_other_hist":1.3,
         "MS_minerals_hist":1.6
      },
      {
         "date":"1944-01-01",
         "MS_timber_hist":1.0,
         "MS_iron_hist":1.3,
         "MS_other_hist":1.4,
         "MS_minerals_hist":1.7
      },
      {
         "date":"1945-01-01",
         "MS_timber_hist":1.0,
         "MS_iron_hist":1.3,
         "MS_other_hist":1.4,
         "MS_minerals_hist":1.7
      },
      {
         "date":"1946-01-01",
         "MS_timber_hist":1.0,
         "MS_iron_hist":1.3,
         "MS_other_hist":1.5,
         "MS_minerals_hist":1.8
      },
      {
         "date":"1947-01-01",
         "MS_timber_hist":1.0,
         "MS_iron_hist":1.4,
         "MS_other_hist":1.5,
         "MS_minerals_hist":1.9
      },
      {
         "date":"1948-01-01",
         "MS_timber_hist":1.0,
         "MS_iron_hist":1.4,
         "MS_other_hist":1.5,
         "MS_minerals_hist":1.9
      },
      {
         "date":"1949-01-01",
         "MS_timber_hist":1.0,
         "MS_iron_hist":1.4,
         "MS_other_hist":1.6,
         "MS_minerals_hist":2.0
      },
      {
         "date":"1950-01-01",
         "MS_timber_hist":1.1,
         "MS_iron_hist":1.5,
         "MS_other_hist":1.6,
         "MS_minerals_hist":2.1
      },
      {
         "date":"1951-01-01",
         "MS_timber_hist":1.1,
         "MS_iron_hist":1.5,
         "MS_other_hist":1.7,
         "MS_minerals_hist":2.2
      },
      {
         "date":"1952-01-01",
         "MS_timber_hist":1.1,
         "MS_iron_hist":1.6,
         "MS_other_hist":1.7,
         "MS_minerals_hist":2.3
      },
      {
         "date":"1953-01-01",
         "MS_timber_hist":1.1,
         "MS_iron_hist":1.6,
         "MS_other_hist":1.7,
         "MS_minerals_hist":2.5
      },
      {
         "date":"1954-01-01",
         "MS_timber_hist":1.1,
         "MS_iron_hist":1.7,
         "MS_other_hist":1.8,
         "MS_minerals_hist":2.6
      },
      {
         "date":"1955-01-01",
         "MS_timber_hist":1.1,
         "MS_iron_hist":1.7,
         "MS_other_hist":1.8,
         "MS_minerals_hist":2.7
      },
      {
         "date":"1956-01-01",
         "MS_timber_hist":1.1,
         "MS_iron_hist":1.7,
         "MS_other_hist":1.9,
         "MS_minerals_hist":2.9
      },
      {
         "date":"1957-01-01",
         "MS_timber_hist":1.1,
         "MS_iron_hist":1.8,
         "MS_other_hist":1.9,
         "MS_minerals_hist":3.1
      },
      {
         "date":"1958-01-01",
         "MS_timber_hist":1.1,
         "MS_iron_hist":1.8,
         "MS_other_hist":2.0,
         "MS_minerals_hist":3.2
      },
      {
         "date":"1959-01-01",
         "MS_timber_hist":1.1,
         "MS_iron_hist":1.8,
         "MS_other_hist":2.0,
         "MS_minerals_hist":3.4
      },
      {
         "date":"1960-01-01",
         "MS_timber_hist":1.1,
         "MS_iron_hist":1.9,
         "MS_other_hist":2.0,
         "MS_minerals_hist":3.6
      },
      {
         "date":"1961-01-01",
         "MS_timber_hist":1.1,
         "MS_iron_hist":1.9,
         "MS_other_hist":2.1,
         "MS_minerals_hist":3.7
      },
      {
         "date":"1962-01-01",
         "MS_timber_hist":1.1,
         "MS_iron_hist":1.9,
         "MS_other_hist":2.1,
         "MS_minerals_hist":3.9
      },
      {
         "date":"1963-01-01",
         "MS_timber_hist":1.2,
         "MS_iron_hist":2.0,
         "MS_other_hist":2.2,
         "MS_minerals_hist":4.1
      },
      {
         "date":"1964-01-01",
         "MS_timber_hist":1.2,
         "MS_iron_hist":2.0,
         "MS_other_hist":2.2,
         "MS_minerals_hist":4.3
      },
      {
         "date":"1965-01-01",
         "MS_timber_hist":1.2,
         "MS_iron_hist":2.0,
         "MS_other_hist":2.3,
         "MS_minerals_hist":4.5
      },
      {
         "date":"1966-01-01",
         "MS_timber_hist":1.2,
         "MS_iron_hist":2.1,
         "MS_other_hist":2.4,
         "MS_minerals_hist":4.8
      },
      {
         "date":"1967-01-01",
         "MS_timber_hist":1.2,
         "MS_iron_hist":2.1,
         "MS_other_hist":2.4,
         "MS_minerals_hist":5.0
      },
      {
         "date":"1968-01-01",
         "MS_timber_hist":1.2,
         "MS_iron_hist":2.2,
         "MS_other_hist":2.5,
         "MS_minerals_hist":5.2
      },
      {
         "date":"1969-01-01",
         "MS_timber_hist":1.2,
         "MS_iron_hist":2.2,
         "MS_other_hist":2.5,
         "MS_minerals_hist":5.4
      },
      {
         "date":"1970-01-01",
         "MS_timber_hist":1.2,
         "MS_iron_hist":2.3,
         "MS_other_hist":2.6,
         "MS_minerals_hist":5.7
      },
      {
         "date":"1971-01-01",
         "MS_timber_hist":1.2,
         "MS_iron_hist":2.3,
         "MS_other_hist":2.7,
         "MS_minerals_hist":5.9
      },
      {
         "date":"1972-01-01",
         "MS_timber_hist":1.3,
         "MS_iron_hist":2.3,
         "MS_other_hist":2.8,
         "MS_minerals_hist":6.2
      },
      {
         "date":"1973-01-01",
         "MS_timber_hist":1.3,
         "MS_iron_hist":2.4,
         "MS_other_hist":2.8,
         "MS_minerals_hist":6.5
      },
      {
         "date":"1974-01-01",
         "MS_timber_hist":1.3,
         "MS_iron_hist":2.4,
         "MS_other_hist":2.9,
         "MS_minerals_hist":6.8
      },
      {
         "date":"1975-01-01",
         "MS_timber_hist":1.3,
         "MS_iron_hist":2.5,
         "MS_other_hist":3.0,
         "MS_minerals_hist":7.0
      },
      {
         "date":"1976-01-01",
         "MS_timber_hist":1.3,
         "MS_iron_hist":2.5,
         "MS_other_hist":3.1,
         "MS_minerals_hist":7.2
      },
      {
         "date":"1977-01-01",
         "MS_timber_hist":1.3,
         "MS_iron_hist":2.5,
         "MS_other_hist":3.1,
         "MS_minerals_hist":7.5
      },
      {
         "date":"1978-01-01",
         "MS_timber_hist":1.3,
         "MS_iron_hist":2.6,
         "MS_other_hist":3.2,
         "MS_minerals_hist":7.7
      },
      {
         "date":"1979-01-01",
         "MS_timber_hist":1.3,
         "MS_iron_hist":2.6,
         "MS_other_hist":3.3,
         "MS_minerals_hist":8.0
      },
      {
         "date":"1980-01-01",
         "MS_timber_hist":1.4,
         "MS_iron_hist":2.6,
         "MS_other_hist":3.3,
         "MS_minerals_hist":8.2
      },
      {
         "date":"1981-01-01",
         "MS_timber_hist":1.4,
         "MS_iron_hist":2.6,
         "MS_other_hist":3.4,
         "MS_minerals_hist":8.4
      },
      {
         "date":"1982-01-01",
         "MS_timber_hist":1.4,
         "MS_iron_hist":2.6,
         "MS_other_hist":3.5,
         "MS_minerals_hist":8.6
      },
      {
         "date":"1983-01-01",
         "MS_timber_hist":1.4,
         "MS_iron_hist":2.6,
         "MS_other_hist":3.5,
         "MS_minerals_hist":8.8
      },
      {
         "date":"1984-01-01",
         "MS_timber_hist":1.4,
         "MS_iron_hist":2.6,
         "MS_other_hist":3.6,
         "MS_minerals_hist":9.0
      },
      {
         "date":"1985-01-01",
         "MS_timber_hist":1.4,
         "MS_iron_hist":2.6,
         "MS_other_hist":3.6,
         "MS_minerals_hist":9.2
      },
      {
         "date":"1986-01-01",
         "MS_timber_hist":1.4,
         "MS_iron_hist":2.6,
         "MS_other_hist":3.6,
         "MS_minerals_hist":9.5
      },
      {
         "date":"1987-01-01",
         "MS_timber_hist":1.5,
         "MS_iron_hist":2.6,
         "MS_other_hist":3.7,
         "MS_minerals_hist":9.7
      },
      {
         "date":"1988-01-01",
         "MS_timber_hist":1.5,
         "MS_iron_hist":2.6,
         "MS_other_hist":3.7,
         "MS_minerals_hist":10.0
      },
      {
         "date":"1989-01-01",
         "MS_timber_hist":1.5,
         "MS_iron_hist":2.6,
         "MS_other_hist":3.8,
         "MS_minerals_hist":10.3
      },
      {
         "date":"1990-01-01",
         "MS_timber_hist":1.5,
         "MS_iron_hist":2.6,
         "MS_other_hist":3.9,
         "MS_minerals_hist":10.5
      },
      {
         "date":"1991-01-01",
         "MS_timber_hist":1.5,
         "MS_iron_hist":2.6,
         "MS_other_hist":3.9,
         "MS_minerals_hist":10.7
      },
      {
         "date":"1992-01-01",
         "MS_timber_hist":1.6,
         "MS_iron_hist":2.6,
         "MS_other_hist":4.0,
         "MS_minerals_hist":11.0
      },
      {
         "date":"1993-01-01",
         "MS_timber_hist":1.6,
         "MS_iron_hist":2.6,
         "MS_other_hist":4.0,
         "MS_minerals_hist":11.2
      },
      {
         "date":"1994-01-01",
         "MS_timber_hist":1.6,
         "MS_iron_hist":2.6,
         "MS_other_hist":4.1,
         "MS_minerals_hist":11.5
      },
      {
         "date":"1995-01-01",
         "MS_timber_hist":1.6,
         "MS_iron_hist":2.6,
         "MS_other_hist":4.2,
         "MS_minerals_hist":11.7
      },
      {
         "date":"1996-01-01",
         "MS_timber_hist":1.6,
         "MS_iron_hist":2.6,
         "MS_other_hist":4.3,
         "MS_minerals_hist":12.0
      },
      {
         "date":"1997-01-01",
         "MS_timber_hist":1.6,
         "MS_iron_hist":2.6,
         "MS_other_hist":4.4,
         "MS_minerals_hist":12.3
      },
      {
         "date":"1998-01-01",
         "MS_timber_hist":1.7,
         "MS_iron_hist":2.7,
         "MS_other_hist":4.4,
         "MS_minerals_hist":12.6
      },
      {
         "date":"1999-01-01",
         "MS_timber_hist":1.7,
         "MS_iron_hist":2.7,
         "MS_other_hist":4.5,
         "MS_minerals_hist":12.9
      },
      {
         "date":"2000-01-01",
         "MS_timber_hist":1.7,
         "MS_iron_hist":2.7,
         "MS_other_hist":4.6,
         "MS_minerals_hist":13.2
      },
      {
         "date":"2001-01-01",
         "MS_timber_hist":1.7,
         "MS_iron_hist":2.7,
         "MS_other_hist":4.6,
         "MS_minerals_hist":13.5
      },
      {
         "date":"2002-01-01",
         "MS_timber_hist":1.7,
         "MS_iron_hist":2.7,
         "MS_other_hist":4.6,
         "MS_minerals_hist":13.8
      },
      {
         "date":"2003-01-01",
         "MS_timber_hist":1.8,
         "MS_iron_hist":2.7,
         "MS_other_hist":4.7,
         "MS_minerals_hist":14.1
      },
      {
         "date":"2004-01-01",
         "MS_timber_hist":1.8,
         "MS_iron_hist":2.6,
         "MS_other_hist":4.7,
         "MS_minerals_hist":14.4
      },
      {
         "date":"2005-01-01",
         "MS_timber_hist":1.8,
         "MS_iron_hist":2.6,
         "MS_other_hist":4.7,
         "MS_minerals_hist":14.8,
         "MS_timber_sc1":1.8,
         "MS_iron_sc1":2.6,
         "MS_other_sc1":4.7,
         "MS_minerals_sc1":14.8,
         "MS_timber_sc2":1.8,
         "MS_iron_sc2":2.6,
         "MS_other_sc2":4.7,
         "MS_minerals_sc2":14.8
      },
      {
         "date":"2006-01-01",
         "MS_timber_sc1":1.8,
         "MS_iron_sc1":2.6,
         "MS_other_sc1":4.7,
         "MS_minerals_sc1":15.0,
         "MS_timber_sc2":1.8,
         "MS_iron_sc2":2.6,
         "MS_other_sc2":4.7,
         "MS_minerals_sc2":15.1
      },
      {
         "date":"2007-01-01",
         "MS_timber_sc1":1.8,
         "MS_iron_sc1":2.6,
         "MS_other_sc1":4.8,
         "MS_minerals_sc1":15.3,
         "MS_timber_sc2":1.8,
         "MS_iron_sc2":2.6,
         "MS_other_sc2":4.7,
         "MS_minerals_sc2":15.4
      },
      {
         "date":"2008-01-01",
         "MS_timber_sc1":1.9,
         "MS_iron_sc1":2.6,
         "MS_other_sc1":4.8,
         "MS_minerals_sc1":15.6,
         "MS_timber_sc2":1.9,
         "MS_iron_sc2":2.6,
         "MS_other_sc2":4.7,
         "MS_minerals_sc2":15.8
      },
      {
         "date":"2009-01-01",
         "MS_timber_sc1":1.9,
         "MS_iron_sc1":2.6,
         "MS_other_sc1":4.9,
         "MS_minerals_sc1":15.8,
         "MS_timber_sc2":1.9,
         "MS_iron_sc2":2.6,
         "MS_other_sc2":4.8,
         "MS_minerals_sc2":16.1
      },
      {
         "date":"2010-01-01",
         "MS_timber_sc1":1.9,
         "MS_iron_sc1":2.6,
         "MS_other_sc1":4.9,
         "MS_minerals_sc1":16.1,
         "MS_timber_sc2":1.9,
         "MS_iron_sc2":2.6,
         "MS_other_sc2":4.8,
         "MS_minerals_sc2":16.4
      },
      {
         "date":"2011-01-01",
         "MS_timber_sc1":1.9,
         "MS_iron_sc1":2.6,
         "MS_other_sc1":4.9,
         "MS_minerals_sc1":16.3,
         "MS_timber_sc2":1.9,
         "MS_iron_sc2":2.6,
         "MS_other_sc2":4.8,
         "MS_minerals_sc2":16.7
      },
      {
         "date":"2012-01-01",
         "MS_timber_sc1":1.9,
         "MS_iron_sc1":2.6,
         "MS_other_sc1":5.0,
         "MS_minerals_sc1":16.6,
         "MS_timber_sc2":1.9,
         "MS_iron_sc2":2.6,
         "MS_other_sc2":4.8,
         "MS_minerals_sc2":17.0
      },
      {
         "date":"2013-01-01",
         "MS_timber_sc1":1.9,
         "MS_iron_sc1":2.6,
         "MS_other_sc1":5.0,
         "MS_minerals_sc1":16.8,
         "MS_timber_sc2":2.0,
         "MS_iron_sc2":2.6,
         "MS_other_sc2":4.8,
         "MS_minerals_sc2":17.4
      },
      {
         "date":"2014-01-01",
         "MS_timber_sc1":1.9,
         "MS_iron_sc1":2.6,
         "MS_other_sc1":5.0,
         "MS_minerals_sc1":17.0,
         "MS_timber_sc2":2.0,
         "MS_iron_sc2":2.5,
         "MS_other_sc2":4.8,
         "MS_minerals_sc2":17.7
      },
      {
         "date":"2015-01-01",
         "MS_timber_sc1":2.0,
         "MS_iron_sc1":2.6,
         "MS_other_sc1":5.1,
         "MS_minerals_sc1":17.3,
         "MS_timber_sc2":2.0,
         "MS_iron_sc2":2.5,
         "MS_other_sc2":4.8,
         "MS_minerals_sc2":18.0
      },
      {
         "date":"2016-01-01",
         "MS_timber_sc1":2.0,
         "MS_iron_sc1":2.6,
         "MS_other_sc1":5.1,
         "MS_minerals_sc1":17.5,
         "MS_timber_sc2":2.0,
         "MS_iron_sc2":2.5,
         "MS_other_sc2":4.8,
         "MS_minerals_sc2":18.3
      },
      {
         "date":"2017-01-01",
         "MS_timber_sc1":2.0,
         "MS_iron_sc1":2.6,
         "MS_other_sc1":5.1,
         "MS_minerals_sc1":17.7,
         "MS_timber_sc2":2.0,
         "MS_iron_sc2":2.5,
         "MS_other_sc2":4.8,
         "MS_minerals_sc2":18.6
      },
      {
         "date":"2018-01-01",
         "MS_timber_sc1":2.0,
         "MS_iron_sc1":2.6,
         "MS_other_sc1":5.2,
         "MS_minerals_sc1":17.9,
         "MS_timber_sc2":2.1,
         "MS_iron_sc2":2.5,
         "MS_other_sc2":4.9,
         "MS_minerals_sc2":18.9
      },
      {
         "date":"2019-01-01",
         "MS_timber_sc1":2.0,
         "MS_iron_sc1":2.6,
         "MS_other_sc1":5.2,
         "MS_minerals_sc1":18.1,
         "MS_timber_sc2":2.1,
         "MS_iron_sc2":2.5,
         "MS_other_sc2":4.9,
         "MS_minerals_sc2":19.3
      },
      {
         "date":"2020-01-01",
         "MS_timber_sc1":2.0,
         "MS_iron_sc1":2.6,
         "MS_other_sc1":5.2,
         "MS_minerals_sc1":18.3,
         "MS_timber_sc2":2.1,
         "MS_iron_sc2":2.5,
         "MS_other_sc2":4.9,
         "MS_minerals_sc2":19.6
      },
      {
         "date":"2021-01-01",
         "MS_timber_sc1":2.0,
         "MS_iron_sc1":2.5,
         "MS_other_sc1":5.2,
         "MS_minerals_sc1":18.5,
         "MS_timber_sc2":2.1,
         "MS_iron_sc2":2.5,
         "MS_other_sc2":4.9,
         "MS_minerals_sc2":19.9
      },
      {
         "date":"2022-01-01",
         "MS_timber_sc1":2.0,
         "MS_iron_sc1":2.5,
         "MS_other_sc1":5.3,
         "MS_minerals_sc1":18.7,
         "MS_timber_sc2":2.2,
         "MS_iron_sc2":2.5,
         "MS_other_sc2":4.9,
         "MS_minerals_sc2":20.2
      },
      {
         "date":"2023-01-01",
         "MS_timber_sc1":2.0,
         "MS_iron_sc1":2.5,
         "MS_other_sc1":5.3,
         "MS_minerals_sc1":18.9,
         "MS_timber_sc2":2.2,
         "MS_iron_sc2":2.5,
         "MS_other_sc2":4.9,
         "MS_minerals_sc2":20.5
      },
      {
         "date":"2024-01-01",
         "MS_timber_sc1":2.1,
         "MS_iron_sc1":2.5,
         "MS_other_sc1":5.3,
         "MS_minerals_sc1":19.0,
         "MS_timber_sc2":2.2,
         "MS_iron_sc2":2.5,
         "MS_other_sc2":4.9,
         "MS_minerals_sc2":20.8
      },
      {
         "date":"2025-01-01",
         "MS_timber_sc1":2.1,
         "MS_iron_sc1":2.5,
         "MS_other_sc1":5.3,
         "MS_minerals_sc1":19.2,
         "MS_timber_sc2":2.2,
         "MS_iron_sc2":2.5,
         "MS_other_sc2":4.9,
         "MS_minerals_sc2":21.1
      },
      {
         "date":"2026-01-01",
         "MS_timber_sc1":2.1,
         "MS_iron_sc1":2.5,
         "MS_other_sc1":5.3,
         "MS_minerals_sc1":19.4,
         "MS_timber_sc2":2.2,
         "MS_iron_sc2":2.5,
         "MS_other_sc2":4.9,
         "MS_minerals_sc2":21.4
      },
      {
         "date":"2027-01-01",
         "MS_timber_sc1":2.1,
         "MS_iron_sc1":2.5,
         "MS_other_sc1":5.4,
         "MS_minerals_sc1":19.5,
         "MS_timber_sc2":2.3,
         "MS_iron_sc2":2.5,
         "MS_other_sc2":4.9,
         "MS_minerals_sc2":21.7
      },
      {
         "date":"2028-01-01",
         "MS_timber_sc1":2.1,
         "MS_iron_sc1":2.5,
         "MS_other_sc1":5.4,
         "MS_minerals_sc1":19.7,
         "MS_timber_sc2":2.3,
         "MS_iron_sc2":2.5,
         "MS_other_sc2":4.9,
         "MS_minerals_sc2":22.0
      },
      {
         "date":"2029-01-01",
         "MS_timber_sc1":2.1,
         "MS_iron_sc1":2.5,
         "MS_other_sc1":5.4,
         "MS_minerals_sc1":19.8,
         "MS_timber_sc2":2.3,
         "MS_iron_sc2":2.5,
         "MS_other_sc2":4.9,
         "MS_minerals_sc2":22.3
      },
      {
         "date":"2030-01-01",
         "MS_timber_sc1":2.1,
         "MS_iron_sc1":2.5,
         "MS_other_sc1":5.4,
         "MS_minerals_sc1":20.0,
         "MS_timber_sc2":2.3,
         "MS_iron_sc2":2.4,
         "MS_other_sc2":4.9,
         "MS_minerals_sc2":22.6
      },
      {
         "date":"2031-01-01",
         "MS_timber_sc1":2.1,
         "MS_iron_sc1":2.5,
         "MS_other_sc1":5.4,
         "MS_minerals_sc1":20.1,
         "MS_timber_sc2":2.3,
         "MS_iron_sc2":2.4,
         "MS_other_sc2":4.9,
         "MS_minerals_sc2":22.9
      },
      {
         "date":"2032-01-01",
         "MS_timber_sc1":2.1,
         "MS_iron_sc1":2.5,
         "MS_other_sc1":5.4,
         "MS_minerals_sc1":20.2,
         "MS_timber_sc2":2.4,
         "MS_iron_sc2":2.4,
         "MS_other_sc2":5.0,
         "MS_minerals_sc2":23.2
      },
      {
         "date":"2033-01-01",
         "MS_timber_sc1":2.1,
         "MS_iron_sc1":2.5,
         "MS_other_sc1":5.4,
         "MS_minerals_sc1":20.4,
         "MS_timber_sc2":2.4,
         "MS_iron_sc2":2.4,
         "MS_other_sc2":5.0,
         "MS_minerals_sc2":23.6
      },
      {
         "date":"2034-01-01",
         "MS_timber_sc1":2.1,
         "MS_iron_sc1":2.5,
         "MS_other_sc1":5.4,
         "MS_minerals_sc1":20.5,
         "MS_timber_sc2":2.4,
         "MS_iron_sc2":2.5,
         "MS_other_sc2":5.0,
         "MS_minerals_sc2":23.9
      },
      {
         "date":"2035-01-01",
         "MS_timber_sc1":2.1,
         "MS_iron_sc1":2.5,
         "MS_other_sc1":5.5,
         "MS_minerals_sc1":20.6,
         "MS_timber_sc2":2.4,
         "MS_iron_sc2":2.5,
         "MS_other_sc2":5.0,
         "MS_minerals_sc2":24.1
      },
      {
         "date":"2036-01-01",
         "MS_timber_sc1":2.1,
         "MS_iron_sc1":2.5,
         "MS_other_sc1":5.5,
         "MS_minerals_sc1":20.7,
         "MS_timber_sc2":2.4,
         "MS_iron_sc2":2.5,
         "MS_other_sc2":5.0,
         "MS_minerals_sc2":24.4
      },
      {
         "date":"2037-01-01",
         "MS_timber_sc1":2.1,
         "MS_iron_sc1":2.5,
         "MS_other_sc1":5.5,
         "MS_minerals_sc1":20.8,
         "MS_timber_sc2":2.5,
         "MS_iron_sc2":2.5,
         "MS_other_sc2":5.0,
         "MS_minerals_sc2":24.7
      },
      {
         "date":"2038-01-01",
         "MS_timber_sc1":2.1,
         "MS_iron_sc1":2.5,
         "MS_other_sc1":5.5,
         "MS_minerals_sc1":20.9,
         "MS_timber_sc2":2.5,
         "MS_iron_sc2":2.5,
         "MS_other_sc2":5.0,
         "MS_minerals_sc2":25.0
      },
      {
         "date":"2039-01-01",
         "MS_timber_sc1":2.1,
         "MS_iron_sc1":2.5,
         "MS_other_sc1":5.5,
         "MS_minerals_sc1":21.0,
         "MS_timber_sc2":2.5,
         "MS_iron_sc2":2.5,
         "MS_other_sc2":5.0,
         "MS_minerals_sc2":25.3
      },
      {
         "date":"2040-01-01",
         "MS_timber_sc1":2.2,
         "MS_iron_sc1":2.5,
         "MS_other_sc1":5.5,
         "MS_minerals_sc1":21.1,
         "MS_timber_sc2":2.5,
         "MS_iron_sc2":2.5,
         "MS_other_sc2":5.0,
         "MS_minerals_sc2":25.6
      },
      {
         "date":"2041-01-01",
         "MS_timber_sc1":2.2,
         "MS_iron_sc1":2.5,
         "MS_other_sc1":5.5,
         "MS_minerals_sc1":21.2,
         "MS_timber_sc2":2.6,
         "MS_iron_sc2":2.5,
         "MS_other_sc2":5.0,
         "MS_minerals_sc2":25.9
      },
      {
         "date":"2042-01-01",
         "MS_timber_sc1":2.2,
         "MS_iron_sc1":2.5,
         "MS_other_sc1":5.5,
         "MS_minerals_sc1":21.3,
         "MS_timber_sc2":2.6,
         "MS_iron_sc2":2.5,
         "MS_other_sc2":5.0,
         "MS_minerals_sc2":26.2
      },
      {
         "date":"2043-01-01",
         "MS_timber_sc1":2.2,
         "MS_iron_sc1":2.5,
         "MS_other_sc1":5.5,
         "MS_minerals_sc1":21.4,
         "MS_timber_sc2":2.6,
         "MS_iron_sc2":2.5,
         "MS_other_sc2":5.0,
         "MS_minerals_sc2":26.5
      },
      {
         "date":"2044-01-01",
         "MS_timber_sc1":2.2,
         "MS_iron_sc1":2.5,
         "MS_other_sc1":5.5,
         "MS_minerals_sc1":21.5,
         "MS_timber_sc2":2.6,
         "MS_iron_sc2":2.5,
         "MS_other_sc2":5.1,
         "MS_minerals_sc2":26.8
      },
      {
         "date":"2045-01-01",
         "MS_timber_sc1":2.2,
         "MS_iron_sc1":2.5,
         "MS_other_sc1":5.5,
         "MS_minerals_sc1":21.5,
         "MS_timber_sc2":2.6,
         "MS_iron_sc2":2.5,
         "MS_other_sc2":5.1,
         "MS_minerals_sc2":27.1
      },
      {
         "date":"2046-01-01",
         "MS_timber_sc1":2.2,
         "MS_iron_sc1":2.5,
         "MS_other_sc1":5.5,
         "MS_minerals_sc1":21.6,
         "MS_timber_sc2":2.7,
         "MS_iron_sc2":2.5,
         "MS_other_sc2":5.1,
         "MS_minerals_sc2":27.3
      },
      {
         "date":"2047-01-01",
         "MS_timber_sc1":2.2,
         "MS_iron_sc1":2.5,
         "MS_other_sc1":5.5,
         "MS_minerals_sc1":21.7,
         "MS_timber_sc2":2.7,
         "MS_iron_sc2":2.5,
         "MS_other_sc2":5.1,
         "MS_minerals_sc2":27.6
      },
      {
         "date":"2048-01-01",
         "MS_timber_sc1":2.2,
         "MS_iron_sc1":2.5,
         "MS_other_sc1":5.5,
         "MS_minerals_sc1":21.7,
         "MS_timber_sc2":2.7,
         "MS_iron_sc2":2.5,
         "MS_other_sc2":5.1,
         "MS_minerals_sc2":27.9
      },
      {
         "date":"2049-01-01",
         "MS_timber_sc1":2.2,
         "MS_iron_sc1":2.5,
         "MS_other_sc1":5.5,
         "MS_minerals_sc1":21.8,
         "MS_timber_sc2":2.7,
         "MS_iron_sc2":2.6,
         "MS_other_sc2":5.1,
         "MS_minerals_sc2":28.2
      },
      {
         "date":"2050-01-01",
         "MS_timber_sc1":2.2,
         "MS_iron_sc1":2.5,
         "MS_other_sc1":5.5,
         "MS_minerals_sc1":21.8,
         "MS_timber_sc2":2.7,
         "MS_iron_sc2":2.6,
         "MS_other_sc2":5.1,
         "MS_minerals_sc2":28.5
      }
   ],
   "2":[
      {
         "date":"1930-01-01",
         "GS_timber_hist":1.0,
         "GS_iron_hist":1.0,
         "GS_other_hist":1.0,
         "GS_minerals_hist":1.0,
         "RS_timber_hist":1.0,
         "RS_iron_hist":1.0,
         "RS_other_hist":1.0,
         "RS_minerals_hist":1.0
      },
      {
         "date":"1931-01-01",
         "GS_timber_hist":0.7,
         "GS_iron_hist":0.5,
         "GS_other_hist":0.7,
         "GS_minerals_hist":0.8,
         "RS_timber_hist":1.0,
         "RS_iron_hist":1.1,
         "RS_other_hist":1.1,
         "RS_minerals_hist":1.1
      },
      {
         "date":"1932-01-01",
         "GS_timber_hist":0.6,
         "GS_iron_hist":0.2,
         "GS_other_hist":0.4,
         "GS_minerals_hist":0.6,
         "RS_timber_hist":1.1,
         "RS_iron_hist":1.1,
         "RS_other_hist":1.1,
         "RS_minerals_hist":1.1
      },
      {
         "date":"1933-01-01",
         "GS_timber_hist":0.7,
         "GS_iron_hist":0.3,
         "GS_other_hist":0.4,
         "GS_minerals_hist":0.6,
         "RS_timber_hist":1.1,
         "RS_iron_hist":1.2,
         "RS_other_hist":1.2,
         "RS_minerals_hist":1.2
      },
      {
         "date":"1934-01-01",
         "GS_timber_hist":0.7,
         "GS_iron_hist":0.4,
         "GS_other_hist":0.5,
         "GS_minerals_hist":0.7,
         "RS_timber_hist":1.1,
         "RS_iron_hist":1.3,
         "RS_other_hist":1.3,
         "RS_minerals_hist":1.3
      },
      {
         "date":"1935-01-01",
         "GS_timber_hist":0.8,
         "GS_iron_hist":0.5,
         "GS_other_hist":0.6,
         "GS_minerals_hist":0.7,
         "RS_timber_hist":1.2,
         "RS_iron_hist":1.3,
         "RS_other_hist":1.4,
         "RS_minerals_hist":1.3
      },
      {
         "date":"1936-01-01",
         "GS_timber_hist":1.0,
         "GS_iron_hist":0.8,
         "GS_other_hist":0.8,
         "GS_minerals_hist":1.0,
         "RS_timber_hist":1.2,
         "RS_iron_hist":1.4,
         "RS_other_hist":1.5,
         "RS_minerals_hist":1.4
      },
      {
         "date":"1937-01-01",
         "GS_timber_hist":1.0,
         "GS_iron_hist":1.2,
         "GS_other_hist":1.0,
         "GS_minerals_hist":1.0,
         "RS_timber_hist":1.3,
         "RS_iron_hist":1.5,
         "RS_other_hist":1.6,
         "RS_minerals_hist":1.5
      },
      {
         "date":"1938-01-01",
         "GS_timber_hist":0.9,
         "GS_iron_hist":0.5,
         "GS_other_hist":0.7,
         "GS_minerals_hist":1.0,
         "RS_timber_hist":1.3,
         "RS_iron_hist":1.6,
         "RS_other_hist":1.7,
         "RS_minerals_hist":1.6
      },
      {
         "date":"1939-01-01",
         "GS_timber_hist":1.0,
         "GS_iron_hist":0.8,
         "GS_other_hist":0.9,
         "GS_minerals_hist":1.1,
         "RS_timber_hist":1.3,
         "RS_iron_hist":1.7,
         "RS_other_hist":1.8,
         "RS_minerals_hist":1.7
      },
      {
         "date":"1940-01-01",
         "GS_timber_hist":1.1,
         "GS_iron_hist":1.1,
         "GS_other_hist":1.2,
         "GS_minerals_hist":1.2,
         "RS_timber_hist":1.4,
         "RS_iron_hist":1.8,
         "RS_other_hist":1.9,
         "RS_minerals_hist":1.8
      },
      {
         "date":"1941-01-01",
         "GS_timber_hist":1.3,
         "GS_iron_hist":1.4,
         "GS_other_hist":1.3,
         "GS_minerals_hist":1.4,
         "RS_timber_hist":1.4,
         "RS_iron_hist":1.8,
         "RS_other_hist":2.0,
         "RS_minerals_hist":1.9
      },
      {
         "date":"1942-01-01",
         "GS_timber_hist":1.3,
         "GS_iron_hist":1.6,
         "GS_other_hist":1.4,
         "GS_minerals_hist":1.5,
         "RS_timber_hist":1.4,
         "RS_iron_hist":1.9,
         "RS_other_hist":2.1,
         "RS_minerals_hist":2.0
      },
      {
         "date":"1943-01-01",
         "GS_timber_hist":1.2,
         "GS_iron_hist":1.6,
         "GS_other_hist":1.4,
         "GS_minerals_hist":1.3,
         "RS_timber_hist":1.4,
         "RS_iron_hist":2.0,
         "RS_other_hist":2.2,
         "RS_minerals_hist":2.2
      },
      {
         "date":"1944-01-01",
         "GS_timber_hist":1.2,
         "GS_iron_hist":1.5,
         "GS_other_hist":1.3,
         "GS_minerals_hist":1.1,
         "RS_timber_hist":1.5,
         "RS_iron_hist":2.1,
         "RS_other_hist":2.3,
         "RS_minerals_hist":2.3
      },
      {
         "date":"1945-01-01",
         "GS_timber_hist":1.1,
         "GS_iron_hist":1.4,
         "GS_other_hist":1.3,
         "GS_minerals_hist":1.2,
         "RS_timber_hist":1.5,
         "RS_iron_hist":2.2,
         "RS_other_hist":2.4,
         "RS_minerals_hist":2.4
      },
      {
         "date":"1946-01-01",
         "GS_timber_hist":1.3,
         "GS_iron_hist":1.2,
         "GS_other_hist":1.0,
         "GS_minerals_hist":1.5,
         "RS_timber_hist":1.5,
         "RS_iron_hist":2.3,
         "RS_other_hist":2.6,
         "RS_minerals_hist":2.5
      },
      {
         "date":"1947-01-01",
         "GS_timber_hist":1.3,
         "GS_iron_hist":1.6,
         "GS_other_hist":1.3,
         "GS_minerals_hist":1.7,
         "RS_timber_hist":1.5,
         "RS_iron_hist":2.4,
         "RS_other_hist":2.7,
         "RS_minerals_hist":2.7
      },
      {
         "date":"1948-01-01",
         "GS_timber_hist":1.4,
         "GS_iron_hist":1.7,
         "GS_other_hist":1.3,
         "GS_minerals_hist":1.8,
         "RS_timber_hist":1.6,
         "RS_iron_hist":2.5,
         "RS_other_hist":2.8,
         "RS_minerals_hist":2.8
      },
      {
         "date":"1949-01-01",
         "GS_timber_hist":1.2,
         "GS_iron_hist":1.5,
         "GS_other_hist":1.3,
         "GS_minerals_hist":1.8,
         "RS_timber_hist":1.6,
         "RS_iron_hist":2.6,
         "RS_other_hist":2.9,
         "RS_minerals_hist":3.0
      },
      {
         "date":"1950-01-01",
         "GS_timber_hist":1.4,
         "GS_iron_hist":1.8,
         "GS_other_hist":1.5,
         "GS_minerals_hist":2.0,
         "RS_timber_hist":1.6,
         "RS_iron_hist":2.7,
         "RS_other_hist":3.1,
         "RS_minerals_hist":3.1
      },
      {
         "date":"1951-01-01",
         "GS_timber_hist":1.4,
         "GS_iron_hist":2.1,
         "GS_other_hist":1.4,
         "GS_minerals_hist":2.3,
         "RS_timber_hist":1.6,
         "RS_iron_hist":2.8,
         "RS_other_hist":3.2,
         "RS_minerals_hist":3.3
      },
      {
         "date":"1952-01-01",
         "GS_timber_hist":1.4,
         "GS_iron_hist":1.7,
         "GS_other_hist":1.4,
         "GS_minerals_hist":2.4,
         "RS_timber_hist":1.6,
         "RS_iron_hist":2.9,
         "RS_other_hist":3.4,
         "RS_minerals_hist":3.5
      },
      {
         "date":"1953-01-01",
         "GS_timber_hist":1.4,
         "GS_iron_hist":2.1,
         "GS_other_hist":1.6,
         "GS_minerals_hist":2.4,
         "RS_timber_hist":1.6,
         "RS_iron_hist":3.0,
         "RS_other_hist":3.5,
         "RS_minerals_hist":3.7
      },
      {
         "date":"1954-01-01",
         "GS_timber_hist":1.4,
         "GS_iron_hist":1.5,
         "GS_other_hist":1.5,
         "GS_minerals_hist":2.8,
         "RS_timber_hist":1.6,
         "RS_iron_hist":3.1,
         "RS_other_hist":3.6,
         "RS_minerals_hist":3.8
      },
      {
         "date":"1955-01-01",
         "GS_timber_hist":1.5,
         "GS_iron_hist":1.9,
         "GS_other_hist":1.6,
         "GS_minerals_hist":3.1,
         "RS_timber_hist":1.7,
         "RS_iron_hist":3.2,
         "RS_other_hist":3.8,
         "RS_minerals_hist":4.0
      },
      {
         "date":"1956-01-01",
         "GS_timber_hist":1.6,
         "GS_iron_hist":1.9,
         "GS_other_hist":1.7,
         "GS_minerals_hist":3.3,
         "RS_timber_hist":1.7,
         "RS_iron_hist":3.3,
         "RS_other_hist":3.9,
         "RS_minerals_hist":4.2
      },
      {
         "date":"1957-01-01",
         "GS_timber_hist":1.4,
         "GS_iron_hist":2.1,
         "GS_other_hist":1.7,
         "GS_minerals_hist":3.3,
         "RS_timber_hist":1.7,
         "RS_iron_hist":3.4,
         "RS_other_hist":4.1,
         "RS_minerals_hist":4.4
      },
      {
         "date":"1958-01-01",
         "GS_timber_hist":1.4,
         "GS_iron_hist":1.5,
         "GS_other_hist":1.6,
         "GS_minerals_hist":3.4,
         "RS_timber_hist":1.7,
         "RS_iron_hist":3.5,
         "RS_other_hist":4.2,
         "RS_minerals_hist":4.7
      },
      {
         "date":"1959-01-01",
         "GS_timber_hist":1.5,
         "GS_iron_hist":1.5,
         "GS_other_hist":1.3,
         "GS_minerals_hist":3.7,
         "RS_timber_hist":1.7,
         "RS_iron_hist":3.6,
         "RS_other_hist":4.4,
         "RS_minerals_hist":4.9
      },
      {
         "date":"1960-01-01",
         "GS_timber_hist":1.5,
         "GS_iron_hist":1.9,
         "GS_other_hist":1.6,
         "GS_minerals_hist":3.6,
         "RS_timber_hist":1.7,
         "RS_iron_hist":3.7,
         "RS_other_hist":4.5,
         "RS_minerals_hist":5.1
      },
      {
         "date":"1961-01-01",
         "GS_timber_hist":1.4,
         "GS_iron_hist":1.4,
         "GS_other_hist":1.8,
         "GS_minerals_hist":3.6,
         "RS_timber_hist":1.7,
         "RS_iron_hist":3.8,
         "RS_other_hist":4.7,
         "RS_minerals_hist":5.4
      },
      {
         "date":"1962-01-01",
         "GS_timber_hist":1.5,
         "GS_iron_hist":1.6,
         "GS_other_hist":1.9,
         "GS_minerals_hist":3.7,
         "RS_timber_hist":1.7,
         "RS_iron_hist":3.9,
         "RS_other_hist":4.8,
         "RS_minerals_hist":5.6
      },
      {
         "date":"1963-01-01",
         "GS_timber_hist":1.4,
         "GS_iron_hist":1.6,
         "GS_other_hist":1.9,
         "GS_minerals_hist":4.1,
         "RS_timber_hist":1.7,
         "RS_iron_hist":4.0,
         "RS_other_hist":5.0,
         "RS_minerals_hist":5.9
      },
      {
         "date":"1964-01-01",
         "GS_timber_hist":1.5,
         "GS_iron_hist":2.0,
         "GS_other_hist":2.0,
         "GS_minerals_hist":4.3,
         "RS_timber_hist":1.7,
         "RS_iron_hist":4.1,
         "RS_other_hist":5.1,
         "RS_minerals_hist":6.1
      },
      {
         "date":"1965-01-01",
         "GS_timber_hist":1.6,
         "GS_iron_hist":2.1,
         "GS_other_hist":2.1,
         "GS_minerals_hist":4.6,
         "RS_timber_hist":1.7,
         "RS_iron_hist":4.1,
         "RS_other_hist":5.3,
         "RS_minerals_hist":6.4
      },
      {
         "date":"1966-01-01",
         "GS_timber_hist":1.6,
         "GS_iron_hist":2.2,
         "GS_other_hist":2.2,
         "GS_minerals_hist":4.8,
         "RS_timber_hist":1.7,
         "RS_iron_hist":4.2,
         "RS_other_hist":5.4,
         "RS_minerals_hist":6.7
      },
      {
         "date":"1967-01-01",
         "GS_timber_hist":1.6,
         "GS_iron_hist":2.1,
         "GS_other_hist":1.7,
         "GS_minerals_hist":4.6,
         "RS_timber_hist":1.6,
         "RS_iron_hist":4.3,
         "RS_other_hist":5.6,
         "RS_minerals_hist":7.0
      },
      {
         "date":"1968-01-01",
         "GS_timber_hist":1.7,
         "GS_iron_hist":2.2,
         "GS_other_hist":2.1,
         "GS_minerals_hist":4.9,
         "RS_timber_hist":1.6,
         "RS_iron_hist":4.4,
         "RS_other_hist":5.7,
         "RS_minerals_hist":7.3
      },
      {
         "date":"1969-01-01",
         "GS_timber_hist":1.7,
         "GS_iron_hist":2.1,
         "GS_other_hist":2.5,
         "GS_minerals_hist":5.0,
         "RS_timber_hist":1.6,
         "RS_iron_hist":4.5,
         "RS_other_hist":5.9,
         "RS_minerals_hist":7.6
      },
      {
         "date":"1970-01-01",
         "GS_timber_hist":1.6,
         "GS_iron_hist":2.1,
         "GS_other_hist":2.6,
         "GS_minerals_hist":5.2,
         "RS_timber_hist":1.6,
         "RS_iron_hist":4.6,
         "RS_other_hist":6.0,
         "RS_minerals_hist":8.0
      },
      {
         "date":"1971-01-01",
         "GS_timber_hist":1.7,
         "GS_iron_hist":2.1,
         "GS_other_hist":2.5,
         "GS_minerals_hist":5.4,
         "RS_timber_hist":1.6,
         "RS_iron_hist":4.7,
         "RS_other_hist":6.1,
         "RS_minerals_hist":8.3
      },
      {
         "date":"1972-01-01",
         "GS_timber_hist":1.7,
         "GS_iron_hist":2.0,
         "GS_other_hist":2.9,
         "GS_minerals_hist":5.6,
         "RS_timber_hist":1.6,
         "RS_iron_hist":4.8,
         "RS_other_hist":6.3,
         "RS_minerals_hist":8.7
      },
      {
         "date":"1973-01-01",
         "GS_timber_hist":1.7,
         "GS_iron_hist":2.2,
         "GS_other_hist":3.0,
         "GS_minerals_hist":6.1,
         "RS_timber_hist":1.7,
         "RS_iron_hist":4.8,
         "RS_other_hist":6.4,
         "RS_minerals_hist":9.1
      },
      {
         "date":"1974-01-01",
         "GS_timber_hist":1.7,
         "GS_iron_hist":2.2,
         "GS_other_hist":2.8,
         "GS_minerals_hist":6.0,
         "RS_timber_hist":1.7,
         "RS_iron_hist":4.9,
         "RS_other_hist":6.6,
         "RS_minerals_hist":9.5
      },
      {
         "date":"1975-01-01",
         "GS_timber_hist":1.5,
         "GS_iron_hist":2.1,
         "GS_other_hist":2.5,
         "GS_minerals_hist":5.1,
         "RS_timber_hist":1.7,
         "RS_iron_hist":5.0,
         "RS_other_hist":6.7,
         "RS_minerals_hist":9.9
      },
      {
         "date":"1976-01-01",
         "GS_timber_hist":1.7,
         "GS_iron_hist":2.1,
         "GS_other_hist":2.7,
         "GS_minerals_hist":5.0,
         "RS_timber_hist":1.7,
         "RS_iron_hist":5.1,
         "RS_other_hist":6.9,
         "RS_minerals_hist":10.3
      },
      {
         "date":"1977-01-01",
         "GS_timber_hist":1.7,
         "GS_iron_hist":1.7,
         "GS_other_hist":2.6,
         "GS_minerals_hist":5.4,
         "RS_timber_hist":1.7,
         "RS_iron_hist":5.2,
         "RS_other_hist":7.0,
         "RS_minerals_hist":10.8
      },
      {
         "date":"1978-01-01",
         "GS_timber_hist":1.9,
         "GS_iron_hist":2.0,
         "GS_other_hist":2.7,
         "GS_minerals_hist":6.0,
         "RS_timber_hist":1.7,
         "RS_iron_hist":5.3,
         "RS_other_hist":7.2,
         "RS_minerals_hist":11.3
      },
      {
         "date":"1979-01-01",
         "GS_timber_hist":1.9,
         "GS_iron_hist":2.0,
         "GS_other_hist":2.8,
         "GS_minerals_hist":6.0,
         "RS_timber_hist":1.7,
         "RS_iron_hist":5.4,
         "RS_other_hist":7.4,
         "RS_minerals_hist":11.7
      },
      {
         "date":"1980-01-01",
         "GS_timber_hist":1.7,
         "GS_iron_hist":1.5,
         "GS_other_hist":2.4,
         "GS_minerals_hist":5.3,
         "RS_timber_hist":1.7,
         "RS_iron_hist":5.5,
         "RS_other_hist":7.5,
         "RS_minerals_hist":12.3
      },
      {
         "date":"1981-01-01",
         "GS_timber_hist":1.7,
         "GS_iron_hist":1.8,
         "GS_other_hist":2.8,
         "GS_minerals_hist":4.7,
         "RS_timber_hist":1.7,
         "RS_iron_hist":5.6,
         "RS_other_hist":7.7,
         "RS_minerals_hist":12.8
      },
      {
         "date":"1982-01-01",
         "GS_timber_hist":1.5,
         "GS_iron_hist":0.9,
         "GS_other_hist":2.3,
         "GS_minerals_hist":4.3,
         "RS_timber_hist":1.7,
         "RS_iron_hist":5.7,
         "RS_other_hist":7.9,
         "RS_minerals_hist":13.3
      },
      {
         "date":"1983-01-01",
         "GS_timber_hist":1.8,
         "GS_iron_hist":0.9,
         "GS_other_hist":2.3,
         "GS_minerals_hist":4.8,
         "RS_timber_hist":1.8,
         "RS_iron_hist":5.8,
         "RS_other_hist":8.0,
         "RS_minerals_hist":13.9
      },
      {
         "date":"1984-01-01",
         "GS_timber_hist":1.9,
         "GS_iron_hist":1.3,
         "GS_other_hist":2.2,
         "GS_minerals_hist":5.3,
         "RS_timber_hist":1.8,
         "RS_iron_hist":5.9,
         "RS_other_hist":8.2,
         "RS_minerals_hist":14.6
      },
      {
         "date":"1985-01-01",
         "GS_timber_hist":1.9,
         "GS_iron_hist":1.2,
         "GS_other_hist":2.0,
         "GS_minerals_hist":5.6,
         "RS_timber_hist":1.8,
         "RS_iron_hist":6.0,
         "RS_other_hist":8.4,
         "RS_minerals_hist":15.2
      },
      {
         "date":"1986-01-01",
         "GS_timber_hist":2.1,
         "GS_iron_hist":1.0,
         "GS_other_hist":2.0,
         "GS_minerals_hist":5.8,
         "RS_timber_hist":1.8,
         "RS_iron_hist":6.1,
         "RS_other_hist":8.6,
         "RS_minerals_hist":15.9
      },
      {
         "date":"1987-01-01",
         "GS_timber_hist":2.2,
         "GS_iron_hist":1.1,
         "GS_other_hist":2.1,
         "GS_minerals_hist":6.3,
         "RS_timber_hist":1.8,
         "RS_iron_hist":6.2,
         "RS_other_hist":8.7,
         "RS_minerals_hist":16.6
      },
      {
         "date":"1988-01-01",
         "GS_timber_hist":2.1,
         "GS_iron_hist":1.4,
         "GS_other_hist":2.5,
         "GS_minerals_hist":6.5,
         "RS_timber_hist":1.9,
         "RS_iron_hist":6.4,
         "RS_other_hist":8.9,
         "RS_minerals_hist":17.3
      },
      {
         "date":"1989-01-01",
         "GS_timber_hist":2.1,
         "GS_iron_hist":1.3,
         "GS_other_hist":2.6,
         "GS_minerals_hist":6.3,
         "RS_timber_hist":1.9,
         "RS_iron_hist":6.5,
         "RS_other_hist":9.1,
         "RS_minerals_hist":18.1
      },
      {
         "date":"1990-01-01",
         "GS_timber_hist":2.2,
         "GS_iron_hist":1.2,
         "GS_other_hist":2.7,
         "GS_minerals_hist":6.4,
         "RS_timber_hist":1.9,
         "RS_iron_hist":6.6,
         "RS_other_hist":9.3,
         "RS_minerals_hist":18.8
      },
      {
         "date":"1991-01-01",
         "GS_timber_hist":2.0,
         "GS_iron_hist":1.1,
         "GS_other_hist":2.7,
         "GS_minerals_hist":5.8,
         "RS_timber_hist":1.9,
         "RS_iron_hist":6.7,
         "RS_other_hist":9.5,
         "RS_minerals_hist":19.7
      },
      {
         "date":"1992-01-01",
         "GS_timber_hist":2.1,
         "GS_iron_hist":1.1,
         "GS_other_hist":2.9,
         "GS_minerals_hist":5.9,
         "RS_timber_hist":2.0,
         "RS_iron_hist":6.8,
         "RS_other_hist":9.8,
         "RS_minerals_hist":20.5
      },
      {
         "date":"1993-01-01",
         "GS_timber_hist":2.2,
         "GS_iron_hist":1.2,
         "GS_other_hist":3.0,
         "GS_minerals_hist":6.4,
         "RS_timber_hist":2.0,
         "RS_iron_hist":7.0,
         "RS_other_hist":10.0,
         "RS_minerals_hist":21.4
      },
      {
         "date":"1994-01-01",
         "GS_timber_hist":2.2,
         "GS_iron_hist":1.5,
         "GS_other_hist":3.1,
         "GS_minerals_hist":6.8,
         "RS_timber_hist":2.0,
         "RS_iron_hist":7.1,
         "RS_other_hist":10.2,
         "RS_minerals_hist":22.3
      },
      {
         "date":"1995-01-01",
         "GS_timber_hist":2.2,
         "GS_iron_hist":1.4,
         "GS_other_hist":3.2,
         "GS_minerals_hist":7.0,
         "RS_timber_hist":2.0,
         "RS_iron_hist":7.2,
         "RS_other_hist":10.4,
         "RS_minerals_hist":23.2
      },
      {
         "date":"1996-01-01",
         "GS_timber_hist":2.2,
         "GS_iron_hist":1.6,
         "GS_other_hist":3.3,
         "GS_minerals_hist":7.1,
         "RS_timber_hist":2.0,
         "RS_iron_hist":7.3,
         "RS_other_hist":10.7,
         "RS_minerals_hist":24.1
      },
      {
         "date":"1997-01-01",
         "GS_timber_hist":2.3,
         "GS_iron_hist":1.6,
         "GS_other_hist":3.4,
         "GS_minerals_hist":7.6,
         "RS_timber_hist":2.1,
         "RS_iron_hist":7.5,
         "RS_other_hist":10.9,
         "RS_minerals_hist":25.1
      },
      {
         "date":"1998-01-01",
         "GS_timber_hist":2.3,
         "GS_iron_hist":1.8,
         "GS_other_hist":3.5,
         "GS_minerals_hist":8.0,
         "RS_timber_hist":2.1,
         "RS_iron_hist":7.6,
         "RS_other_hist":11.2,
         "RS_minerals_hist":26.1
      },
      {
         "date":"1999-01-01",
         "GS_timber_hist":2.4,
         "GS_iron_hist":1.6,
         "GS_other_hist":3.2,
         "GS_minerals_hist":8.2,
         "RS_timber_hist":2.1,
         "RS_iron_hist":7.7,
         "RS_other_hist":11.4,
         "RS_minerals_hist":27.2
      },
      {
         "date":"2000-01-01",
         "GS_timber_hist":2.3,
         "GS_iron_hist":1.8,
         "GS_other_hist":2.7,
         "GS_minerals_hist":8.4,
         "RS_timber_hist":2.1,
         "RS_iron_hist":7.8,
         "RS_other_hist":11.7,
         "RS_minerals_hist":28.2
      },
      {
         "date":"2001-01-01",
         "GS_timber_hist":2.3,
         "GS_iron_hist":1.3,
         "GS_other_hist":2.7,
         "GS_minerals_hist":8.3,
         "RS_timber_hist":2.2,
         "RS_iron_hist":7.9,
         "RS_other_hist":11.9,
         "RS_minerals_hist":29.3
      },
      {
         "date":"2002-01-01",
         "GS_timber_hist":2.3,
         "GS_iron_hist":1.4,
         "GS_other_hist":2.4,
         "GS_minerals_hist":8.1,
         "RS_timber_hist":2.2,
         "RS_iron_hist":8.1,
         "RS_other_hist":12.2,
         "RS_minerals_hist":30.4
      },
      {
         "date":"2003-01-01",
         "GS_timber_hist":2.3,
         "GS_iron_hist":1.1,
         "GS_other_hist":2.1,
         "GS_minerals_hist":8.1,
         "RS_timber_hist":2.2,
         "RS_iron_hist":8.2,
         "RS_other_hist":12.4,
         "RS_minerals_hist":31.5
      },
      {
         "date":"2004-01-01",
         "GS_timber_hist":2.4,
         "GS_iron_hist":1.4,
         "GS_other_hist":2.1,
         "GS_minerals_hist":8.7,
         "RS_timber_hist":2.2,
         "RS_iron_hist":8.3,
         "RS_other_hist":12.7,
         "RS_minerals_hist":32.6
      },
      {
         "date":"2005-01-01",
         "GS_timber_hist":2.4,
         "GS_iron_hist":1.3,
         "GS_other_hist":2.0,
         "GS_minerals_hist":9.0,
         "GS_timber_sc1":2.4,
         "GS_iron_sc1":1.3,
         "GS_other_sc1":2.0,
         "GS_minerals_sc1":9.0,
         "GS_timber_sc2":2.4,
         "GS_iron_sc2":1.3,
         "GS_other_sc2":2.0,
         "GS_minerals_sc2":9.0,
         "RS_timber_hist":2.3,
         "RS_iron_hist":8.4,
         "RS_other_hist":13.0,
         "RS_minerals_hist":33.7,
         "RS_timber_sc1":2.3,
         "RS_iron_sc1":8.4,
         "RS_other_sc1":13.0,
         "RS_minerals_sc1":33.7,
         "RS_timber_sc2":2.3,
         "RS_iron_sc2":8.4,
         "RS_other_sc2":13.0,
         "RS_minerals_sc2":33.7
      },
      {
         "date":"2006-01-01",
         "GS_timber_sc1":2.3,
         "GS_iron_sc1":1.5,
         "GS_other_sc1":2.7,
         "GS_minerals_sc1":8.1,
         "GS_timber_sc2":2.4,
         "GS_iron_sc2":1.3,
         "GS_other_sc2":2.1,
         "GS_minerals_sc2":9.1,
         "RS_timber_sc1":2.3,
         "RS_iron_sc1":8.5,
         "RS_other_sc1":13.2,
         "RS_minerals_sc1":34.8,
         "RS_timber_sc2":2.3,
         "RS_iron_sc2":8.5,
         "RS_other_sc2":13.2,
         "RS_minerals_sc2":34.9
      },
      {
         "date":"2007-01-01",
         "GS_timber_sc1":2.3,
         "GS_iron_sc1":1.5,
         "GS_other_sc1":2.7,
         "GS_minerals_sc1":8.1,
         "GS_timber_sc2":2.4,
         "GS_iron_sc2":1.3,
         "GS_other_sc2":2.1,
         "GS_minerals_sc2":9.2,
         "RS_timber_sc1":2.3,
         "RS_iron_sc1":8.5,
         "RS_other_sc1":13.5,
         "RS_minerals_sc1":36.0,
         "RS_timber_sc2":2.3,
         "RS_iron_sc2":8.5,
         "RS_other_sc2":13.5,
         "RS_minerals_sc2":36.0
      },
      {
         "date":"2008-01-01",
         "GS_timber_sc1":2.3,
         "GS_iron_sc1":1.5,
         "GS_other_sc1":2.7,
         "GS_minerals_sc1":8.1,
         "GS_timber_sc2":2.5,
         "GS_iron_sc2":1.3,
         "GS_other_sc2":2.1,
         "GS_minerals_sc2":9.3,
         "RS_timber_sc1":2.3,
         "RS_iron_sc1":8.6,
         "RS_other_sc1":13.8,
         "RS_minerals_sc1":37.1,
         "RS_timber_sc2":2.3,
         "RS_iron_sc2":8.6,
         "RS_other_sc2":13.8,
         "RS_minerals_sc2":37.2
      },
      {
         "date":"2009-01-01",
         "GS_timber_sc1":2.3,
         "GS_iron_sc1":1.5,
         "GS_other_sc1":2.7,
         "GS_minerals_sc1":8.1,
         "GS_timber_sc2":2.5,
         "GS_iron_sc2":1.3,
         "GS_other_sc2":2.1,
         "GS_minerals_sc2":9.4,
         "RS_timber_sc1":2.4,
         "RS_iron_sc1":8.7,
         "RS_other_sc1":14.1,
         "RS_minerals_sc1":38.3,
         "RS_timber_sc2":2.4,
         "RS_iron_sc2":8.7,
         "RS_other_sc2":14.0,
         "RS_minerals_sc2":38.3
      },
      {
         "date":"2010-01-01",
         "GS_timber_sc1":2.3,
         "GS_iron_sc1":1.5,
         "GS_other_sc1":2.7,
         "GS_minerals_sc1":8.1,
         "GS_timber_sc2":2.5,
         "GS_iron_sc2":1.3,
         "GS_other_sc2":2.1,
         "GS_minerals_sc2":9.5,
         "RS_timber_sc1":2.4,
         "RS_iron_sc1":8.8,
         "RS_other_sc1":14.3,
         "RS_minerals_sc1":39.5,
         "RS_timber_sc2":2.4,
         "RS_iron_sc2":8.8,
         "RS_other_sc2":14.3,
         "RS_minerals_sc2":39.5
      },
      {
         "date":"2011-01-01",
         "GS_timber_sc1":2.3,
         "GS_iron_sc1":1.5,
         "GS_other_sc1":2.7,
         "GS_minerals_sc1":8.1,
         "GS_timber_sc2":2.5,
         "GS_iron_sc2":1.3,
         "GS_other_sc2":2.1,
         "GS_minerals_sc2":9.5,
         "RS_timber_sc1":2.4,
         "RS_iron_sc1":8.8,
         "RS_other_sc1":14.6,
         "RS_minerals_sc1":40.6,
         "RS_timber_sc2":2.4,
         "RS_iron_sc2":8.8,
         "RS_other_sc2":14.6,
         "RS_minerals_sc2":40.7
      },
      {
         "date":"2012-01-01",
         "GS_timber_sc1":2.3,
         "GS_iron_sc1":1.5,
         "GS_other_sc1":2.7,
         "GS_minerals_sc1":8.1,
         "GS_timber_sc2":2.6,
         "GS_iron_sc2":1.4,
         "GS_other_sc2":2.2,
         "GS_minerals_sc2":9.6,
         "RS_timber_sc1":2.4,
         "RS_iron_sc1":8.9,
         "RS_other_sc1":14.9,
         "RS_minerals_sc1":41.8,
         "RS_timber_sc2":2.4,
         "RS_iron_sc2":8.9,
         "RS_other_sc2":14.9,
         "RS_minerals_sc2":41.9
      },
      {
         "date":"2013-01-01",
         "GS_timber_sc1":2.3,
         "GS_iron_sc1":1.5,
         "GS_other_sc1":2.7,
         "GS_minerals_sc1":8.1,
         "GS_timber_sc2":2.6,
         "GS_iron_sc2":1.4,
         "GS_other_sc2":2.2,
         "GS_minerals_sc2":9.7,
         "RS_timber_sc1":2.5,
         "RS_iron_sc1":8.9,
         "RS_other_sc1":15.1,
         "RS_minerals_sc1":43.0,
         "RS_timber_sc2":2.5,
         "RS_iron_sc2":8.9,
         "RS_other_sc2":15.1,
         "RS_minerals_sc2":43.1
      },
      {
         "date":"2014-01-01",
         "GS_timber_sc1":2.3,
         "GS_iron_sc1":1.5,
         "GS_other_sc1":2.7,
         "GS_minerals_sc1":8.1,
         "GS_timber_sc2":2.6,
         "GS_iron_sc2":1.4,
         "GS_other_sc2":2.2,
         "GS_minerals_sc2":9.8,
         "RS_timber_sc1":2.5,
         "RS_iron_sc1":9.0,
         "RS_other_sc1":15.4,
         "RS_minerals_sc1":44.2,
         "RS_timber_sc2":2.5,
         "RS_iron_sc2":9.0,
         "RS_other_sc2":15.4,
         "RS_minerals_sc2":44.2
      },
      {
         "date":"2015-01-01",
         "GS_timber_sc1":2.3,
         "GS_iron_sc1":1.5,
         "GS_other_sc1":2.7,
         "GS_minerals_sc1":8.1,
         "GS_timber_sc2":2.6,
         "GS_iron_sc2":1.4,
         "GS_other_sc2":2.2,
         "GS_minerals_sc2":9.9,
         "RS_timber_sc1":2.5,
         "RS_iron_sc1":9.0,
         "RS_other_sc1":15.7,
         "RS_minerals_sc1":45.3,
         "RS_timber_sc2":2.5,
         "RS_iron_sc2":9.0,
         "RS_other_sc2":15.6,
         "RS_minerals_sc2":45.4
      },
      {
         "date":"2016-01-01",
         "GS_timber_sc1":2.3,
         "GS_iron_sc1":1.5,
         "GS_other_sc1":2.7,
         "GS_minerals_sc1":8.1,
         "GS_timber_sc2":2.6,
         "GS_iron_sc2":1.4,
         "GS_other_sc2":2.2,
         "GS_minerals_sc2":10.0,
         "RS_timber_sc1":2.5,
         "RS_iron_sc1":9.0,
         "RS_other_sc1":15.9,
         "RS_minerals_sc1":46.5,
         "RS_timber_sc2":2.5,
         "RS_iron_sc2":9.0,
         "RS_other_sc2":15.9,
         "RS_minerals_sc2":46.6
      },
      {
         "date":"2017-01-01",
         "GS_timber_sc1":2.3,
         "GS_iron_sc1":1.5,
         "GS_other_sc1":2.7,
         "GS_minerals_sc1":8.1,
         "GS_timber_sc2":2.7,
         "GS_iron_sc2":1.4,
         "GS_other_sc2":2.3,
         "GS_minerals_sc2":10.0,
         "RS_timber_sc1":2.6,
         "RS_iron_sc1":9.0,
         "RS_other_sc1":16.2,
         "RS_minerals_sc1":47.6,
         "RS_timber_sc2":2.6,
         "RS_iron_sc2":9.0,
         "RS_other_sc2":16.2,
         "RS_minerals_sc2":47.8
      },
      {
         "date":"2018-01-01",
         "GS_timber_sc1":2.3,
         "GS_iron_sc1":1.5,
         "GS_other_sc1":2.7,
         "GS_minerals_sc1":8.1,
         "GS_timber_sc2":2.7,
         "GS_iron_sc2":1.4,
         "GS_other_sc2":2.3,
         "GS_minerals_sc2":10.1,
         "RS_timber_sc1":2.6,
         "RS_iron_sc1":9.0,
         "RS_other_sc1":16.5,
         "RS_minerals_sc1":48.8,
         "RS_timber_sc2":2.6,
         "RS_iron_sc2":9.0,
         "RS_other_sc2":16.4,
         "RS_minerals_sc2":48.9
      },
      {
         "date":"2019-01-01",
         "GS_timber_sc1":2.3,
         "GS_iron_sc1":1.5,
         "GS_other_sc1":2.7,
         "GS_minerals_sc1":8.1,
         "GS_timber_sc2":2.7,
         "GS_iron_sc2":1.4,
         "GS_other_sc2":2.3,
         "GS_minerals_sc2":10.2,
         "RS_timber_sc1":2.6,
         "RS_iron_sc1":9.1,
         "RS_other_sc1":16.7,
         "RS_minerals_sc1":49.9,
         "RS_timber_sc2":2.6,
         "RS_iron_sc2":9.0,
         "RS_other_sc2":16.6,
         "RS_minerals_sc2":50.1
      },
      {
         "date":"2020-01-01",
         "GS_timber_sc1":2.3,
         "GS_iron_sc1":1.5,
         "GS_other_sc1":2.7,
         "GS_minerals_sc1":8.1,
         "GS_timber_sc2":2.7,
         "GS_iron_sc2":1.5,
         "GS_other_sc2":2.3,
         "GS_minerals_sc2":10.3,
         "RS_timber_sc1":2.7,
         "RS_iron_sc1":9.0,
         "RS_other_sc1":16.9,
         "RS_minerals_sc1":51.0,
         "RS_timber_sc2":2.7,
         "RS_iron_sc2":9.0,
         "RS_other_sc2":16.9,
         "RS_minerals_sc2":51.3
      },
      {
         "date":"2021-01-01",
         "GS_timber_sc1":2.3,
         "GS_iron_sc1":1.5,
         "GS_other_sc1":2.7,
         "GS_minerals_sc1":8.1,
         "GS_timber_sc2":2.8,
         "GS_iron_sc2":1.5,
         "GS_other_sc2":2.3,
         "GS_minerals_sc2":10.4,
         "RS_timber_sc1":2.7,
         "RS_iron_sc1":9.0,
         "RS_other_sc1":17.2,
         "RS_minerals_sc1":52.2,
         "RS_timber_sc2":2.7,
         "RS_iron_sc2":9.0,
         "RS_other_sc2":17.1,
         "RS_minerals_sc2":52.5
      },
      {
         "date":"2022-01-01",
         "GS_timber_sc1":2.3,
         "GS_iron_sc1":1.5,
         "GS_other_sc1":2.7,
         "GS_minerals_sc1":8.1,
         "GS_timber_sc2":2.8,
         "GS_iron_sc2":1.5,
         "GS_other_sc2":2.4,
         "GS_minerals_sc2":10.5,
         "RS_timber_sc1":2.7,
         "RS_iron_sc1":9.0,
         "RS_other_sc1":17.4,
         "RS_minerals_sc1":53.3,
         "RS_timber_sc2":2.7,
         "RS_iron_sc2":9.0,
         "RS_other_sc2":17.3,
         "RS_minerals_sc2":53.6
      },
      {
         "date":"2023-01-01",
         "GS_timber_sc1":2.3,
         "GS_iron_sc1":1.5,
         "GS_other_sc1":2.7,
         "GS_minerals_sc1":8.1,
         "GS_timber_sc2":2.8,
         "GS_iron_sc2":1.5,
         "GS_other_sc2":2.4,
         "GS_minerals_sc2":10.6,
         "RS_timber_sc1":2.7,
         "RS_iron_sc1":9.0,
         "RS_other_sc1":17.6,
         "RS_minerals_sc1":54.4,
         "RS_timber_sc2":2.8,
         "RS_iron_sc2":9.0,
         "RS_other_sc2":17.5,
         "RS_minerals_sc2":54.8
      },
      {
         "date":"2024-01-01",
         "GS_timber_sc1":2.3,
         "GS_iron_sc1":1.5,
         "GS_other_sc1":2.7,
         "GS_minerals_sc1":8.1,
         "GS_timber_sc2":2.8,
         "GS_iron_sc2":1.5,
         "GS_other_sc2":2.4,
         "GS_minerals_sc2":10.7,
         "RS_timber_sc1":2.8,
         "RS_iron_sc1":9.0,
         "RS_other_sc1":17.9,
         "RS_minerals_sc1":55.5,
         "RS_timber_sc2":2.8,
         "RS_iron_sc2":9.0,
         "RS_other_sc2":17.7,
         "RS_minerals_sc2":55.9
      },
      {
         "date":"2025-01-01",
         "GS_timber_sc1":2.3,
         "GS_iron_sc1":1.5,
         "GS_other_sc1":2.7,
         "GS_minerals_sc1":8.1,
         "GS_timber_sc2":2.9,
         "GS_iron_sc2":1.5,
         "GS_other_sc2":2.4,
         "GS_minerals_sc2":10.8,
         "RS_timber_sc1":2.8,
         "RS_iron_sc1":8.9,
         "RS_other_sc1":18.1,
         "RS_minerals_sc1":56.6,
         "RS_timber_sc2":2.8,
         "RS_iron_sc2":8.9,
         "RS_other_sc2":17.9,
         "RS_minerals_sc2":57.1
      },
      {
         "date":"2026-01-01",
         "GS_timber_sc1":2.3,
         "GS_iron_sc1":1.5,
         "GS_other_sc1":2.7,
         "GS_minerals_sc1":8.1,
         "GS_timber_sc2":2.9,
         "GS_iron_sc2":1.5,
         "GS_other_sc2":2.4,
         "GS_minerals_sc2":10.8,
         "RS_timber_sc1":2.8,
         "RS_iron_sc1":8.9,
         "RS_other_sc1":18.3,
         "RS_minerals_sc1":57.7,
         "RS_timber_sc2":2.9,
         "RS_iron_sc2":8.9,
         "RS_other_sc2":18.1,
         "RS_minerals_sc2":58.3
      },
      {
         "date":"2027-01-01",
         "GS_timber_sc1":2.3,
         "GS_iron_sc1":1.5,
         "GS_other_sc1":2.7,
         "GS_minerals_sc1":8.1,
         "GS_timber_sc2":2.9,
         "GS_iron_sc2":1.5,
         "GS_other_sc2":2.5,
         "GS_minerals_sc2":10.9,
         "RS_timber_sc1":2.9,
         "RS_iron_sc1":8.9,
         "RS_other_sc1":18.5,
         "RS_minerals_sc1":58.7,
         "RS_timber_sc2":2.9,
         "RS_iron_sc2":8.8,
         "RS_other_sc2":18.3,
         "RS_minerals_sc2":59.4
      },
      {
         "date":"2028-01-01",
         "GS_timber_sc1":2.3,
         "GS_iron_sc1":1.5,
         "GS_other_sc1":2.7,
         "GS_minerals_sc1":8.1,
         "GS_timber_sc2":2.9,
         "GS_iron_sc2":1.6,
         "GS_other_sc2":2.5,
         "GS_minerals_sc2":11.0,
         "RS_timber_sc1":2.9,
         "RS_iron_sc1":8.8,
         "RS_other_sc1":18.7,
         "RS_minerals_sc1":59.8,
         "RS_timber_sc2":2.9,
         "RS_iron_sc2":8.8,
         "RS_other_sc2":18.5,
         "RS_minerals_sc2":60.6
      },
      {
         "date":"2029-01-01",
         "GS_timber_sc1":2.3,
         "GS_iron_sc1":1.5,
         "GS_other_sc1":2.7,
         "GS_minerals_sc1":8.1,
         "GS_timber_sc2":2.9,
         "GS_iron_sc2":1.6,
         "GS_other_sc2":2.5,
         "GS_minerals_sc2":11.1,
         "RS_timber_sc1":2.9,
         "RS_iron_sc1":8.8,
         "RS_other_sc1":18.9,
         "RS_minerals_sc1":60.8,
         "RS_timber_sc2":2.9,
         "RS_iron_sc2":8.7,
         "RS_other_sc2":18.6,
         "RS_minerals_sc2":61.7
      },
      {
         "date":"2030-01-01",
         "GS_timber_sc1":2.3,
         "GS_iron_sc1":1.5,
         "GS_other_sc1":2.7,
         "GS_minerals_sc1":8.1,
         "GS_timber_sc2":3.0,
         "GS_iron_sc2":1.6,
         "GS_other_sc2":2.5,
         "GS_minerals_sc2":11.2,
         "RS_timber_sc1":2.9,
         "RS_iron_sc1":8.7,
         "RS_other_sc1":19.0,
         "RS_minerals_sc1":61.9,
         "RS_timber_sc2":3.0,
         "RS_iron_sc2":8.7,
         "RS_other_sc2":18.8,
         "RS_minerals_sc2":62.9
      },
      {
         "date":"2031-01-01",
         "GS_timber_sc1":2.3,
         "GS_iron_sc1":1.5,
         "GS_other_sc1":2.7,
         "GS_minerals_sc1":8.1,
         "GS_timber_sc2":3.0,
         "GS_iron_sc2":1.6,
         "GS_other_sc2":2.5,
         "GS_minerals_sc2":11.3,
         "RS_timber_sc1":3.0,
         "RS_iron_sc1":8.7,
         "RS_other_sc1":19.2,
         "RS_minerals_sc1":62.9,
         "RS_timber_sc2":3.0,
         "RS_iron_sc2":8.6,
         "RS_other_sc2":18.9,
         "RS_minerals_sc2":64.1
      },
      {
         "date":"2032-01-01",
         "GS_timber_sc1":2.3,
         "GS_iron_sc1":1.5,
         "GS_other_sc1":2.7,
         "GS_minerals_sc1":8.1,
         "GS_timber_sc2":3.0,
         "GS_iron_sc2":1.6,
         "GS_other_sc2":2.6,
         "GS_minerals_sc2":11.4,
         "RS_timber_sc1":3.0,
         "RS_iron_sc1":8.6,
         "RS_other_sc1":19.4,
         "RS_minerals_sc1":63.9,
         "RS_timber_sc2":3.0,
         "RS_iron_sc2":8.6,
         "RS_other_sc2":19.0,
         "RS_minerals_sc2":65.3
      },
      {
         "date":"2033-01-01",
         "GS_timber_sc1":2.3,
         "GS_iron_sc1":1.5,
         "GS_other_sc1":2.7,
         "GS_minerals_sc1":8.1,
         "GS_timber_sc2":3.0,
         "GS_iron_sc2":1.6,
         "GS_other_sc2":2.6,
         "GS_minerals_sc2":11.5,
         "RS_timber_sc1":3.0,
         "RS_iron_sc1":8.6,
         "RS_other_sc1":19.5,
         "RS_minerals_sc1":65.0,
         "RS_timber_sc2":3.1,
         "RS_iron_sc2":8.5,
         "RS_other_sc2":19.2,
         "RS_minerals_sc2":66.4
      },
      {
         "date":"2034-01-01",
         "GS_timber_sc1":2.3,
         "GS_iron_sc1":1.5,
         "GS_other_sc1":2.7,
         "GS_minerals_sc1":8.1,
         "GS_timber_sc2":3.1,
         "GS_iron_sc2":1.6,
         "GS_other_sc2":2.6,
         "GS_minerals_sc2":11.5,
         "RS_timber_sc1":3.0,
         "RS_iron_sc1":8.5,
         "RS_other_sc1":19.7,
         "RS_minerals_sc1":66.0,
         "RS_timber_sc2":3.1,
         "RS_iron_sc2":8.5,
         "RS_other_sc2":19.3,
         "RS_minerals_sc2":67.6
      },
      {
         "date":"2035-01-01",
         "GS_timber_sc1":2.3,
         "GS_iron_sc1":1.5,
         "GS_other_sc1":2.7,
         "GS_minerals_sc1":8.1,
         "GS_timber_sc2":3.1,
         "GS_iron_sc2":1.6,
         "GS_other_sc2":2.6,
         "GS_minerals_sc2":11.6,
         "RS_timber_sc1":3.1,
         "RS_iron_sc1":8.5,
         "RS_other_sc1":19.8,
         "RS_minerals_sc1":67.0,
         "RS_timber_sc2":3.1,
         "RS_iron_sc2":8.4,
         "RS_other_sc2":19.4,
         "RS_minerals_sc2":68.9
      },
      {
         "date":"2036-01-01",
         "GS_timber_sc1":2.3,
         "GS_iron_sc1":1.5,
         "GS_other_sc1":2.7,
         "GS_minerals_sc1":8.1,
         "GS_timber_sc2":3.1,
         "GS_iron_sc2":1.6,
         "GS_other_sc2":2.6,
         "GS_minerals_sc2":11.7,
         "RS_timber_sc1":3.1,
         "RS_iron_sc1":8.4,
         "RS_other_sc1":20.0,
         "RS_minerals_sc1":68.0,
         "RS_timber_sc2":3.2,
         "RS_iron_sc2":8.4,
         "RS_other_sc2":19.5,
         "RS_minerals_sc2":70.1
      },
      {
         "date":"2037-01-01",
         "GS_timber_sc1":2.3,
         "GS_iron_sc1":1.5,
         "GS_other_sc1":2.7,
         "GS_minerals_sc1":8.1,
         "GS_timber_sc2":3.1,
         "GS_iron_sc2":1.7,
         "GS_other_sc2":2.7,
         "GS_minerals_sc2":11.8,
         "RS_timber_sc1":3.1,
         "RS_iron_sc1":8.4,
         "RS_other_sc1":20.1,
         "RS_minerals_sc1":69.0,
         "RS_timber_sc2":3.2,
         "RS_iron_sc2":8.3,
         "RS_other_sc2":19.5,
         "RS_minerals_sc2":71.3
      },
      {
         "date":"2038-01-01",
         "GS_timber_sc1":2.3,
         "GS_iron_sc1":1.5,
         "GS_other_sc1":2.7,
         "GS_minerals_sc1":8.1,
         "GS_timber_sc2":3.2,
         "GS_iron_sc2":1.7,
         "GS_other_sc2":2.7,
         "GS_minerals_sc2":11.9,
         "RS_timber_sc1":3.1,
         "RS_iron_sc1":8.3,
         "RS_other_sc1":20.2,
         "RS_minerals_sc1":69.9,
         "RS_timber_sc2":3.2,
         "RS_iron_sc2":8.2,
         "RS_other_sc2":19.6,
         "RS_minerals_sc2":72.5
      },
      {
         "date":"2039-01-01",
         "GS_timber_sc1":2.3,
         "GS_iron_sc1":1.5,
         "GS_other_sc1":2.7,
         "GS_minerals_sc1":8.1,
         "GS_timber_sc2":3.2,
         "GS_iron_sc2":1.7,
         "GS_other_sc2":2.7,
         "GS_minerals_sc2":12.0,
         "RS_timber_sc1":3.2,
         "RS_iron_sc1":8.3,
         "RS_other_sc1":20.3,
         "RS_minerals_sc1":70.9,
         "RS_timber_sc2":3.3,
         "RS_iron_sc2":8.2,
         "RS_other_sc2":19.7,
         "RS_minerals_sc2":73.8
      },
      {
         "date":"2040-01-01",
         "GS_timber_sc1":2.3,
         "GS_iron_sc1":1.5,
         "GS_other_sc1":2.7,
         "GS_minerals_sc1":8.1,
         "GS_timber_sc2":3.2,
         "GS_iron_sc2":1.7,
         "GS_other_sc2":2.7,
         "GS_minerals_sc2":12.1,
         "RS_timber_sc1":3.2,
         "RS_iron_sc1":8.2,
         "RS_other_sc1":20.4,
         "RS_minerals_sc1":71.8,
         "RS_timber_sc2":3.3,
         "RS_iron_sc2":8.1,
         "RS_other_sc2":19.7,
         "RS_minerals_sc2":75.0
      },
      {
         "date":"2041-01-01",
         "GS_timber_sc1":2.3,
         "GS_iron_sc1":1.5,
         "GS_other_sc1":2.7,
         "GS_minerals_sc1":8.1,
         "GS_timber_sc2":3.2,
         "GS_iron_sc2":1.7,
         "GS_other_sc2":2.7,
         "GS_minerals_sc2":12.1,
         "RS_timber_sc1":3.2,
         "RS_iron_sc1":8.2,
         "RS_other_sc1":20.5,
         "RS_minerals_sc1":72.8,
         "RS_timber_sc2":3.3,
         "RS_iron_sc2":8.1,
         "RS_other_sc2":19.8,
         "RS_minerals_sc2":76.3
      },
      {
         "date":"2042-01-01",
         "GS_timber_sc1":2.3,
         "GS_iron_sc1":1.5,
         "GS_other_sc1":2.7,
         "GS_minerals_sc1":8.1,
         "GS_timber_sc2":3.2,
         "GS_iron_sc2":1.7,
         "GS_other_sc2":2.7,
         "GS_minerals_sc2":12.2,
         "RS_timber_sc1":3.2,
         "RS_iron_sc1":8.1,
         "RS_other_sc1":20.6,
         "RS_minerals_sc1":73.7,
         "RS_timber_sc2":3.4,
         "RS_iron_sc2":8.0,
         "RS_other_sc2":19.8,
         "RS_minerals_sc2":77.6
      },
      {
         "date":"2043-01-01",
         "GS_timber_sc1":2.3,
         "GS_iron_sc1":1.5,
         "GS_other_sc1":2.7,
         "GS_minerals_sc1":8.1,
         "GS_timber_sc2":3.3,
         "GS_iron_sc2":1.7,
         "GS_other_sc2":2.8,
         "GS_minerals_sc2":12.3,
         "RS_timber_sc1":3.2,
         "RS_iron_sc1":8.1,
         "RS_other_sc1":20.7,
         "RS_minerals_sc1":74.6,
         "RS_timber_sc2":3.4,
         "RS_iron_sc2":8.0,
         "RS_other_sc2":19.8,
         "RS_minerals_sc2":78.9
      },
      {
         "date":"2044-01-01",
         "GS_timber_sc1":2.3,
         "GS_iron_sc1":1.5,
         "GS_other_sc1":2.7,
         "GS_minerals_sc1":8.1,
         "GS_timber_sc2":3.3,
         "GS_iron_sc2":1.7,
         "GS_other_sc2":2.8,
         "GS_minerals_sc2":12.4,
         "RS_timber_sc1":3.2,
         "RS_iron_sc1":8.1,
         "RS_other_sc1":20.8,
         "RS_minerals_sc1":75.5,
         "RS_timber_sc2":3.4,
         "RS_iron_sc2":7.9,
         "RS_other_sc2":19.8,
         "RS_minerals_sc2":80.1
      },
      {
         "date":"2045-01-01",
         "GS_timber_sc1":2.3,
         "GS_iron_sc1":1.5,
         "GS_other_sc1":2.7,
         "GS_minerals_sc1":8.1,
         "GS_timber_sc2":3.3,
         "GS_iron_sc2":1.8,
         "GS_other_sc2":2.8,
         "GS_minerals_sc2":12.5,
         "RS_timber_sc1":3.3,
         "RS_iron_sc1":8.0,
         "RS_other_sc1":20.9,
         "RS_minerals_sc1":76.4,
         "RS_timber_sc2":3.5,
         "RS_iron_sc2":7.9,
         "RS_other_sc2":19.8,
         "RS_minerals_sc2":81.4
      },
      {
         "date":"2046-01-01",
         "GS_timber_sc1":2.3,
         "GS_iron_sc1":1.5,
         "GS_other_sc1":2.7,
         "GS_minerals_sc1":8.1,
         "GS_timber_sc2":3.3,
         "GS_iron_sc2":1.8,
         "GS_other_sc2":2.8,
         "GS_minerals_sc2":12.6,
         "RS_timber_sc1":3.3,
         "RS_iron_sc1":8.0,
         "RS_other_sc1":20.9,
         "RS_minerals_sc1":77.2,
         "RS_timber_sc2":3.5,
         "RS_iron_sc2":7.9,
         "RS_other_sc2":19.8,
         "RS_minerals_sc2":82.8
      },
      {
         "date":"2047-01-01",
         "GS_timber_sc1":2.3,
         "GS_iron_sc1":1.5,
         "GS_other_sc1":2.7,
         "GS_minerals_sc1":8.1,
         "GS_timber_sc2":3.4,
         "GS_iron_sc2":1.8,
         "GS_other_sc2":2.8,
         "GS_minerals_sc2":12.7,
         "RS_timber_sc1":3.3,
         "RS_iron_sc1":8.0,
         "RS_other_sc1":21.0,
         "RS_minerals_sc1":78.0,
         "RS_timber_sc2":3.5,
         "RS_iron_sc2":7.8,
         "RS_other_sc2":19.8,
         "RS_minerals_sc2":84.1
      },
      {
         "date":"2048-01-01",
         "GS_timber_sc1":2.3,
         "GS_iron_sc1":1.5,
         "GS_other_sc1":2.7,
         "GS_minerals_sc1":8.1,
         "GS_timber_sc2":3.4,
         "GS_iron_sc2":1.8,
         "GS_other_sc2":2.9,
         "GS_minerals_sc2":12.8,
         "RS_timber_sc1":3.3,
         "RS_iron_sc1":7.9,
         "RS_other_sc1":21.1,
         "RS_minerals_sc1":78.8,
         "RS_timber_sc2":3.6,
         "RS_iron_sc2":7.8,
         "RS_other_sc2":19.8,
         "RS_minerals_sc2":85.4
      },
      {
         "date":"2049-01-01",
         "GS_timber_sc1":2.3,
         "GS_iron_sc1":1.5,
         "GS_other_sc1":2.7,
         "GS_minerals_sc1":8.1,
         "GS_timber_sc2":3.4,
         "GS_iron_sc2":1.8,
         "GS_other_sc2":2.9,
         "GS_minerals_sc2":12.8,
         "RS_timber_sc1":3.3,
         "RS_iron_sc1":7.9,
         "RS_other_sc1":21.1,
         "RS_minerals_sc1":79.6,
         "RS_timber_sc2":3.6,
         "RS_iron_sc2":7.8,
         "RS_other_sc2":19.8,
         "RS_minerals_sc2":86.7
      },
      {
         "date":"2050-01-01",
         "GS_timber_sc1":2.3,
         "GS_iron_sc1":1.5,
         "GS_other_sc1":2.7,
         "GS_minerals_sc1":8.1,
         "GS_timber_sc2":3.4,
         "GS_iron_sc2":1.8,
         "GS_other_sc2":2.9,
         "GS_minerals_sc2":12.9,
         "RS_timber_sc1":3.3,
         "RS_iron_sc1":7.9,
         "RS_other_sc1":21.2,
         "RS_minerals_sc1":80.4,
         "RS_timber_sc2":3.6,
         "RS_iron_sc2":7.8,
         "RS_other_sc2":19.8,
         "RS_minerals_sc2":88.1
      }
   ],
   "3":[
      {
         "date":"1930-01-01",
         "MS_total_hist":1.0
      },
      {
         "date":"1931-01-01",
         "MS_total_hist":1.0
      },
      {
         "date":"1932-01-01",
         "MS_total_hist":1.0
      },
      {
         "date":"1933-01-01",
         "MS_total_hist":1.1
      },
      {
         "date":"1934-01-01",
         "MS_total_hist":1.1
      },
      {
         "date":"1935-01-01",
         "MS_total_hist":1.1
      },
      {
         "date":"1936-01-01",
         "MS_total_hist":1.1
      },
      {
         "date":"1937-01-01",
         "MS_total_hist":1.1
      },
      {
         "date":"1938-01-01",
         "MS_total_hist":1.2
      },
      {
         "date":"1939-01-01",
         "MS_total_hist":1.2
      },
      {
         "date":"1940-01-01",
         "MS_total_hist":1.2
      },
      {
         "date":"1941-01-01",
         "MS_total_hist":1.3
      },
      {
         "date":"1942-01-01",
         "MS_total_hist":1.3
      },
      {
         "date":"1943-01-01",
         "MS_total_hist":1.4
      },
      {
         "date":"1944-01-01",
         "MS_total_hist":1.4
      },
      {
         "date":"1945-01-01",
         "MS_total_hist":1.4
      },
      {
         "date":"1946-01-01",
         "MS_total_hist":1.5
      },
      {
         "date":"1947-01-01",
         "MS_total_hist":1.5
      },
      {
         "date":"1948-01-01",
         "MS_total_hist":1.6
      },
      {
         "date":"1949-01-01",
         "MS_total_hist":1.6
      },
      {
         "date":"1950-01-01",
         "MS_total_hist":1.7
      },
      {
         "date":"1951-01-01",
         "MS_total_hist":1.7
      },
      {
         "date":"1952-01-01",
         "MS_total_hist":1.8
      },
      {
         "date":"1953-01-01",
         "MS_total_hist":1.9
      },
      {
         "date":"1954-01-01",
         "MS_total_hist":2.0
      },
      {
         "date":"1955-01-01",
         "MS_total_hist":2.0
      },
      {
         "date":"1956-01-01",
         "MS_total_hist":2.1
      },
      {
         "date":"1957-01-01",
         "MS_total_hist":2.2
      },
      {
         "date":"1958-01-01",
         "MS_total_hist":2.3
      },
      {
         "date":"1959-01-01",
         "MS_total_hist":2.4
      },
      {
         "date":"1960-01-01",
         "MS_total_hist":2.5
      },
      {
         "date":"1961-01-01",
         "MS_total_hist":2.6
      },
      {
         "date":"1962-01-01",
         "MS_total_hist":2.7
      },
      {
         "date":"1963-01-01",
         "MS_total_hist":2.8
      },
      {
         "date":"1964-01-01",
         "MS_total_hist":3.0
      },
      {
         "date":"1965-01-01",
         "MS_total_hist":3.1
      },
      {
         "date":"1966-01-01",
         "MS_total_hist":3.2
      },
      {
         "date":"1967-01-01",
         "MS_total_hist":3.3
      },
      {
         "date":"1968-01-01",
         "MS_total_hist":3.5
      },
      {
         "date":"1969-01-01",
         "MS_total_hist":3.6
      },
      {
         "date":"1970-01-01",
         "MS_total_hist":3.8
      },
      {
         "date":"1971-01-01",
         "MS_total_hist":3.9
      },
      {
         "date":"1972-01-01",
         "MS_total_hist":4.1
      },
      {
         "date":"1973-01-01",
         "MS_total_hist":4.2
      },
      {
         "date":"1974-01-01",
         "MS_total_hist":4.4
      },
      {
         "date":"1975-01-01",
         "MS_total_hist":4.5
      },
      {
         "date":"1976-01-01",
         "MS_total_hist":4.7
      },
      {
         "date":"1977-01-01",
         "MS_total_hist":4.8
      },
      {
         "date":"1978-01-01",
         "MS_total_hist":5.0
      },
      {
         "date":"1979-01-01",
         "MS_total_hist":5.1
      },
      {
         "date":"1980-01-01",
         "MS_total_hist":5.3
      },
      {
         "date":"1981-01-01",
         "MS_total_hist":5.4
      },
      {
         "date":"1982-01-01",
         "MS_total_hist":5.5
      },
      {
         "date":"1983-01-01",
         "MS_total_hist":5.6
      },
      {
         "date":"1984-01-01",
         "MS_total_hist":5.7
      },
      {
         "date":"1985-01-01",
         "MS_total_hist":5.8
      },
      {
         "date":"1986-01-01",
         "MS_total_hist":6.0
      },
      {
         "date":"1987-01-01",
         "MS_total_hist":6.1
      },
      {
         "date":"1988-01-01",
         "MS_total_hist":6.3
      },
      {
         "date":"1989-01-01",
         "MS_total_hist":6.4
      },
      {
         "date":"1990-01-01",
         "MS_total_hist":6.6
      },
      {
         "date":"1991-01-01",
         "MS_total_hist":6.7
      },
      {
         "date":"1992-01-01",
         "MS_total_hist":6.9
      },
      {
         "date":"1993-01-01",
         "MS_total_hist":7.0
      },
      {
         "date":"1994-01-01",
         "MS_total_hist":7.2
      },
      {
         "date":"1995-01-01",
         "MS_total_hist":7.3
      },
      {
         "date":"1996-01-01",
         "MS_total_hist":7.5
      },
      {
         "date":"1997-01-01",
         "MS_total_hist":7.6
      },
      {
         "date":"1998-01-01",
         "MS_total_hist":7.8
      },
      {
         "date":"1999-01-01",
         "MS_total_hist":8.0
      },
      {
         "date":"2000-01-01",
         "MS_total_hist":8.2
      },
      {
         "date":"2001-01-01",
         "MS_total_hist":8.4
      },
      {
         "date":"2002-01-01",
         "MS_total_hist":8.5
      },
      {
         "date":"2003-01-01",
         "MS_total_hist":8.7
      },
      {
         "date":"2004-01-01",
         "MS_total_hist":8.9
      },
      {
         "date":"2005-01-01",
         "MS_total_hist":9.1,
         "MS_total_sc1":9.1,
         "MS_total_sc2":9.1
      },
      {
         "date":"2006-01-01",
         "MS_total_sc1":9.2,
         "MS_total_sc2":9.3
      },
      {
         "date":"2007-01-01",
         "MS_total_sc1":9.4,
         "MS_total_sc2":9.5
      },
      {
         "date":"2008-01-01",
         "MS_total_sc1":9.6,
         "MS_total_sc2":9.7
      },
      {
         "date":"2009-01-01",
         "MS_total_sc1":9.7,
         "MS_total_sc2":9.8
      },
      {
         "date":"2010-01-01",
         "MS_total_sc1":9.9,
         "MS_total_sc2":10.0
      },
      {
         "date":"2011-01-01",
         "MS_total_sc1":10.0,
         "MS_total_sc2":10.2
      },
      {
         "date":"2012-01-01",
         "MS_total_sc1":10.1,
         "MS_total_sc2":10.4
      },
      {
         "date":"2013-01-01",
         "MS_total_sc1":10.3,
         "MS_total_sc2":10.6
      },
      {
         "date":"2014-01-01",
         "MS_total_sc1":10.4,
         "MS_total_sc2":10.8
      },
      {
         "date":"2015-01-01",
         "MS_total_sc1":10.5,
         "MS_total_sc2":10.9
      },
      {
         "date":"2016-01-01",
         "MS_total_sc1":10.7,
         "MS_total_sc2":11.1
      },
      {
         "date":"2017-01-01",
         "MS_total_sc1":10.8,
         "MS_total_sc2":11.3
      },
      {
         "date":"2018-01-01",
         "MS_total_sc1":10.9,
         "MS_total_sc2":11.5
      },
      {
         "date":"2019-01-01",
         "MS_total_sc1":11.0,
         "MS_total_sc2":11.7
      },
      {
         "date":"2020-01-01",
         "MS_total_sc1":11.1,
         "MS_total_sc2":11.9
      },
      {
         "date":"2021-01-01",
         "MS_total_sc1":11.2,
         "MS_total_sc2":12.0
      },
      {
         "date":"2022-01-01",
         "MS_total_sc1":11.3,
         "MS_total_sc2":12.2
      },
      {
         "date":"2023-01-01",
         "MS_total_sc1":11.5,
         "MS_total_sc2":12.4
      },
      {
         "date":"2024-01-01",
         "MS_total_sc1":11.6,
         "MS_total_sc2":12.6
      },
      {
         "date":"2025-01-01",
         "MS_total_sc1":11.7,
         "MS_total_sc2":12.8
      },
      {
         "date":"2026-01-01",
         "MS_total_sc1":11.7,
         "MS_total_sc2":12.9
      },
      {
         "date":"2027-01-01",
         "MS_total_sc1":11.8,
         "MS_total_sc2":13.1
      },
      {
         "date":"2028-01-01",
         "MS_total_sc1":11.9,
         "MS_total_sc2":13.3
      },
      {
         "date":"2029-01-01",
         "MS_total_sc1":12.0,
         "MS_total_sc2":13.5
      },
      {
         "date":"2030-01-01",
         "MS_total_sc1":12.1,
         "MS_total_sc2":13.6
      },
      {
         "date":"2031-01-01",
         "MS_total_sc1":12.2,
         "MS_total_sc2":13.8
      },
      {
         "date":"2032-01-01",
         "MS_total_sc1":12.2,
         "MS_total_sc2":14.0
      },
      {
         "date":"2033-01-01",
         "MS_total_sc1":12.3,
         "MS_total_sc2":14.2
      },
      {
         "date":"2034-01-01",
         "MS_total_sc1":12.4,
         "MS_total_sc2":14.3
      },
      {
         "date":"2035-01-01",
         "MS_total_sc1":12.5,
         "MS_total_sc2":14.5
      },
      {
         "date":"2036-01-01",
         "MS_total_sc1":12.5,
         "MS_total_sc2":14.7
      },
      {
         "date":"2037-01-01",
         "MS_total_sc1":12.6,
         "MS_total_sc2":14.9
      },
      {
         "date":"2038-01-01",
         "MS_total_sc1":12.6,
         "MS_total_sc2":15.0
      },
      {
         "date":"2039-01-01",
         "MS_total_sc1":12.7,
         "MS_total_sc2":15.2
      },
      {
         "date":"2040-01-01",
         "MS_total_sc1":12.8,
         "MS_total_sc2":15.4
      },
      {
         "date":"2041-01-01",
         "MS_total_sc1":12.8,
         "MS_total_sc2":15.5
      },
      {
         "date":"2042-01-01",
         "MS_total_sc1":12.9,
         "MS_total_sc2":15.7
      },
      {
         "date":"2043-01-01",
         "MS_total_sc1":12.9,
         "MS_total_sc2":15.9
      },
      {
         "date":"2044-01-01",
         "MS_total_sc1":12.9,
         "MS_total_sc2":16.1
      },
      {
         "date":"2045-01-01",
         "MS_total_sc1":13.0,
         "MS_total_sc2":16.2
      },
      {
         "date":"2046-01-01",
         "MS_total_sc1":13.0,
         "MS_total_sc2":16.4
      },
      {
         "date":"2047-01-01",
         "MS_total_sc1":13.1,
         "MS_total_sc2":16.5
      },
      {
         "date":"2048-01-01",
         "MS_total_sc1":13.1,
         "MS_total_sc2":16.7
      },
      {
         "date":"2049-01-01",
         "MS_total_sc1":13.1,
         "MS_total_sc2":16.9
      },
      {
         "date":"2050-01-01",
         "MS_total_sc1":13.2,
         "MS_total_sc2":17.0
      }
   ],
   "4":[
      {
         "date":"1930-01-01",
         "GS_total_hist":1.0,
         "RS_total_hist":1.0
      },
      {
         "date":"1931-01-01",
         "GS_total_hist":0.8,
         "RS_total_hist":1.0
      },
      {
         "date":"1932-01-01",
         "GS_total_hist":0.6,
         "RS_total_hist":1.1
      },
      {
         "date":"1933-01-01",
         "GS_total_hist":0.6,
         "RS_total_hist":1.1
      },
      {
         "date":"1934-01-01",
         "GS_total_hist":0.7,
         "RS_total_hist":1.2
      },
      {
         "date":"1935-01-01",
         "GS_total_hist":0.7,
         "RS_total_hist":1.2
      },
      {
         "date":"1936-01-01",
         "GS_total_hist":1.0,
         "RS_total_hist":1.3
      },
      {
         "date":"1937-01-01",
         "GS_total_hist":1.0,
         "RS_total_hist":1.3
      },
      {
         "date":"1938-01-01",
         "GS_total_hist":0.9,
         "RS_total_hist":1.4
      },
      {
         "date":"1939-01-01",
         "GS_total_hist":1.1,
         "RS_total_hist":1.5
      },
      {
         "date":"1940-01-01",
         "GS_total_hist":1.2,
         "RS_total_hist":1.5
      },
      {
         "date":"1941-01-01",
         "GS_total_hist":1.4,
         "RS_total_hist":1.6
      },
      {
         "date":"1942-01-01",
         "GS_total_hist":1.5,
         "RS_total_hist":1.6
      },
      {
         "date":"1943-01-01",
         "GS_total_hist":1.3,
         "RS_total_hist":1.7
      },
      {
         "date":"1944-01-01",
         "GS_total_hist":1.2,
         "RS_total_hist":1.7
      },
      {
         "date":"1945-01-01",
         "GS_total_hist":1.1,
         "RS_total_hist":1.8
      },
      {
         "date":"1946-01-01",
         "GS_total_hist":1.4,
         "RS_total_hist":1.9
      },
      {
         "date":"1947-01-01",
         "GS_total_hist":1.6,
         "RS_total_hist":1.9
      },
      {
         "date":"1948-01-01",
         "GS_total_hist":1.7,
         "RS_total_hist":2.0
      },
      {
         "date":"1949-01-01",
         "GS_total_hist":1.7,
         "RS_total_hist":2.0
      },
      {
         "date":"1950-01-01",
         "GS_total_hist":1.9,
         "RS_total_hist":2.1
      },
      {
         "date":"1951-01-01",
         "GS_total_hist":2.1,
         "RS_total_hist":2.2
      },
      {
         "date":"1952-01-01",
         "GS_total_hist":2.1,
         "RS_total_hist":2.2
      },
      {
         "date":"1953-01-01",
         "GS_total_hist":2.2,
         "RS_total_hist":2.3
      },
      {
         "date":"1954-01-01",
         "GS_total_hist":2.4,
         "RS_total_hist":2.3
      },
      {
         "date":"1955-01-01",
         "GS_total_hist":2.7,
         "RS_total_hist":2.4
      },
      {
         "date":"1956-01-01",
         "GS_total_hist":2.9,
         "RS_total_hist":2.5
      },
      {
         "date":"1957-01-01",
         "GS_total_hist":2.8,
         "RS_total_hist":2.5
      },
      {
         "date":"1958-01-01",
         "GS_total_hist":2.9,
         "RS_total_hist":2.6
      },
      {
         "date":"1959-01-01",
         "GS_total_hist":3.1,
         "RS_total_hist":2.7
      },
      {
         "date":"1960-01-01",
         "GS_total_hist":3.1,
         "RS_total_hist":2.8
      },
      {
         "date":"1961-01-01",
         "GS_total_hist":3.0,
         "RS_total_hist":2.8
      },
      {
         "date":"1962-01-01",
         "GS_total_hist":3.1,
         "RS_total_hist":2.9
      },
      {
         "date":"1963-01-01",
         "GS_total_hist":3.4,
         "RS_total_hist":3.0
      },
      {
         "date":"1964-01-01",
         "GS_total_hist":3.6,
         "RS_total_hist":3.1
      },
      {
         "date":"1965-01-01",
         "GS_total_hist":3.8,
         "RS_total_hist":3.2
      },
      {
         "date":"1966-01-01",
         "GS_total_hist":3.9,
         "RS_total_hist":3.2
      },
      {
         "date":"1967-01-01",
         "GS_total_hist":3.8,
         "RS_total_hist":3.3
      },
      {
         "date":"1968-01-01",
         "GS_total_hist":4.0,
         "RS_total_hist":3.4
      },
      {
         "date":"1969-01-01",
         "GS_total_hist":4.2,
         "RS_total_hist":3.5
      },
      {
         "date":"1970-01-01",
         "GS_total_hist":4.3,
         "RS_total_hist":3.6
      },
      {
         "date":"1971-01-01",
         "GS_total_hist":4.4,
         "RS_total_hist":3.7
      },
      {
         "date":"1972-01-01",
         "GS_total_hist":4.6,
         "RS_total_hist":3.8
      },
      {
         "date":"1973-01-01",
         "GS_total_hist":4.9,
         "RS_total_hist":4.0
      },
      {
         "date":"1974-01-01",
         "GS_total_hist":4.8,
         "RS_total_hist":4.1
      },
      {
         "date":"1975-01-01",
         "GS_total_hist":4.1,
         "RS_total_hist":4.2
      },
      {
         "date":"1976-01-01",
         "GS_total_hist":4.2,
         "RS_total_hist":4.3
      },
      {
         "date":"1977-01-01",
         "GS_total_hist":4.4,
         "RS_total_hist":4.5
      },
      {
         "date":"1978-01-01",
         "GS_total_hist":4.9,
         "RS_total_hist":4.6
      },
      {
         "date":"1979-01-01",
         "GS_total_hist":4.9,
         "RS_total_hist":4.8
      },
      {
         "date":"1980-01-01",
         "GS_total_hist":4.3,
         "RS_total_hist":5.0
      },
      {
         "date":"1981-01-01",
         "GS_total_hist":3.9,
         "RS_total_hist":5.1
      },
      {
         "date":"1982-01-01",
         "GS_total_hist":3.6,
         "RS_total_hist":5.3
      },
      {
         "date":"1983-01-01",
         "GS_total_hist":4.0,
         "RS_total_hist":5.5
      },
      {
         "date":"1984-01-01",
         "GS_total_hist":4.4,
         "RS_total_hist":5.7
      },
      {
         "date":"1985-01-01",
         "GS_total_hist":4.6,
         "RS_total_hist":5.9
      },
      {
         "date":"1986-01-01",
         "GS_total_hist":4.7,
         "RS_total_hist":6.1
      },
      {
         "date":"1987-01-01",
         "GS_total_hist":5.2,
         "RS_total_hist":6.3
      },
      {
         "date":"1988-01-01",
         "GS_total_hist":5.3,
         "RS_total_hist":6.6
      },
      {
         "date":"1989-01-01",
         "GS_total_hist":5.1,
         "RS_total_hist":6.8
      },
      {
         "date":"1990-01-01",
         "GS_total_hist":5.2,
         "RS_total_hist":7.1
      },
      {
         "date":"1991-01-01",
         "GS_total_hist":4.8,
         "RS_total_hist":7.3
      },
      {
         "date":"1992-01-01",
         "GS_total_hist":4.9,
         "RS_total_hist":7.6
      },
      {
         "date":"1993-01-01",
         "GS_total_hist":5.2,
         "RS_total_hist":7.9
      },
      {
         "date":"1994-01-01",
         "GS_total_hist":5.6,
         "RS_total_hist":8.2
      },
      {
         "date":"1995-01-01",
         "GS_total_hist":5.7,
         "RS_total_hist":8.4
      },
      {
         "date":"1996-01-01",
         "GS_total_hist":5.8,
         "RS_total_hist":8.7
      },
      {
         "date":"1997-01-01",
         "GS_total_hist":6.1,
         "RS_total_hist":9.1
      },
      {
         "date":"1998-01-01",
         "GS_total_hist":6.5,
         "RS_total_hist":9.4
      },
      {
         "date":"1999-01-01",
         "GS_total_hist":6.6,
         "RS_total_hist":9.7
      },
      {
         "date":"2000-01-01",
         "GS_total_hist":6.7,
         "RS_total_hist":10.0
      },
      {
         "date":"2001-01-01",
         "GS_total_hist":6.6,
         "RS_total_hist":10.4
      },
      {
         "date":"2002-01-01",
         "GS_total_hist":6.5,
         "RS_total_hist":10.7
      },
      {
         "date":"2003-01-01",
         "GS_total_hist":6.5,
         "RS_total_hist":11.0
      },
      {
         "date":"2004-01-01",
         "GS_total_hist":7.0,
         "RS_total_hist":11.4
      },
      {
         "date":"2005-01-01",
         "GS_total_Series":7.2,
         "GS_total_sc1":7.2,
         "GS_total_sc2":7.2,
         "RS_total_hist":11.7,
         "RS_total_sc1":11.7,
         "RS_total_sc2":11.7
      },
      {
         "date":"2006-01-01",
         "GS_total_sc1":6.6,
         "GS_total_sc2":7.3,
         "RS_total_sc1":12.1,
         "RS_total_sc2":12.1
      },
      {
         "date":"2007-01-01",
         "GS_total_sc1":6.6,
         "GS_total_sc2":7.3,
         "RS_total_sc1":12.5,
         "RS_total_sc2":12.5
      },
      {
         "date":"2008-01-01",
         "GS_total_sc1":6.6,
         "GS_total_sc2":7.4,
         "RS_total_sc1":12.8,
         "RS_total_sc2":12.8
      },
      {
         "date":"2009-01-01",
         "GS_total_sc1":6.6,
         "GS_total_sc2":7.5,
         "RS_total_sc1":13.2,
         "RS_total_sc2":13.2
      },
      {
         "date":"2010-01-01",
         "GS_total_sc1":6.6,
         "GS_total_sc2":7.5,
         "RS_total_sc1":13.5,
         "RS_total_sc2":13.5
      },
      {
         "date":"2011-01-01",
         "GS_total_sc1":6.6,
         "GS_total_sc2":7.6,
         "RS_total_sc1":13.9,
         "RS_total_sc2":13.9
      },
      {
         "date":"2012-01-01",
         "GS_total_sc1":6.6,
         "GS_total_sc2":7.7,
         "RS_total_sc1":14.3,
         "RS_total_sc2":14.3
      },
      {
         "date":"2013-01-01",
         "GS_total_sc1":6.6,
         "GS_total_sc2":7.7,
         "RS_total_sc1":14.6,
         "RS_total_sc2":14.7
      },
      {
         "date":"2014-01-01",
         "GS_total_sc1":6.6,
         "GS_total_sc2":7.8,
         "RS_total_sc1":15.0,
         "RS_total_sc2":15.0
      },
      {
         "date":"2015-01-01",
         "GS_total_sc1":6.6,
         "GS_total_sc2":7.9,
         "RS_total_sc1":15.4,
         "RS_total_sc2":15.4
      },
      {
         "date":"2016-01-01",
         "GS_total_sc1":6.6,
         "GS_total_sc2":7.9,
         "RS_total_sc1":15.7,
         "RS_total_sc2":15.8
      },
      {
         "date":"2017-01-01",
         "GS_total_sc1":6.6,
         "GS_total_sc2":8.0,
         "RS_total_sc1":16.1,
         "RS_total_sc2":16.1
      },
      {
         "date":"2018-01-01",
         "GS_total_sc1":6.6,
         "GS_total_sc2":8.1,
         "RS_total_sc1":16.4,
         "RS_total_sc2":16.5
      },
      {
         "date":"2019-01-01",
         "GS_total_sc1":6.6,
         "GS_total_sc2":8.1,
         "RS_total_sc1":16.8,
         "RS_total_sc2":16.9
      },
      {
         "date":"2020-01-01",
         "GS_total_sc1":6.6,
         "GS_total_sc2":8.2,
         "RS_total_sc1":17.1,
         "RS_total_sc2":17.2
      },
      {
         "date":"2021-01-01",
         "GS_total_sc1":6.6,
         "GS_total_sc2":8.3,
         "RS_total_sc1":17.5,
         "RS_total_sc2":17.6
      },
      {
         "date":"2022-01-01",
         "GS_total_sc1":6.6,
         "GS_total_sc2":8.4,
         "RS_total_sc1":17.8,
         "RS_total_sc2":17.9
      },
      {
         "date":"2023-01-01",
         "GS_total_sc1":6.6,
         "GS_total_sc2":8.4,
         "RS_total_sc1":18.2,
         "RS_total_sc2":18.3
      },
      {
         "date":"2024-01-01",
         "GS_total_sc1":6.6,
         "GS_total_sc2":8.5,
         "RS_total_sc1":18.5,
         "RS_total_sc2":18.7
      },
      {
         "date":"2025-01-01",
         "GS_total_sc1":6.6,
         "GS_total_sc2":8.6,
         "RS_total_sc1":18.9,
         "RS_total_sc2":19.0
      },
      {
         "date":"2026-01-01",
         "GS_total_sc1":6.6,
         "GS_total_sc2":8.6,
         "RS_total_sc1":19.2,
         "RS_total_sc2":19.4
      },
      {
         "date":"2027-01-01",
         "GS_total_sc1":6.6,
         "GS_total_sc2":8.7,
         "RS_total_sc1":19.5,
         "RS_total_sc2":19.8
      },
      {
         "date":"2028-01-01",
         "GS_total_sc1":6.6,
         "GS_total_sc2":8.8,
         "RS_total_sc1":19.9,
         "RS_total_sc2":20.1
      },
      {
         "date":"2029-01-01",
         "GS_total_sc1":6.6,
         "GS_total_sc2":8.9,
         "RS_total_sc1":20.2,
         "RS_total_sc2":20.5
      },
      {
         "date":"2030-01-01",
         "GS_total_sc1":6.6,
         "GS_total_sc2":8.9,
         "RS_total_sc1":20.5,
         "RS_total_sc2":20.8
      },
      {
         "date":"2031-01-01",
         "GS_total_sc1":6.6,
         "GS_total_sc2":9.0,
         "RS_total_sc1":20.8,
         "RS_total_sc2":21.2
      },
      {
         "date":"2032-01-01",
         "GS_total_sc1":6.6,
         "GS_total_sc2":9.1,
         "RS_total_sc1":21.2,
         "RS_total_sc2":21.6
      },
      {
         "date":"2033-01-01",
         "GS_total_sc1":6.6,
         "GS_total_sc2":9.1,
         "RS_total_sc1":21.5,
         "RS_total_sc2":21.9
      },
      {
         "date":"2034-01-01",
         "GS_total_sc1":6.6,
         "GS_total_sc2":9.2,
         "RS_total_sc1":21.8,
         "RS_total_sc2":22.3
      },
      {
         "date":"2035-01-01",
         "GS_total_sc1":6.6,
         "GS_total_sc2":9.3,
         "RS_total_sc1":22.1,
         "RS_total_sc2":22.7
      },
      {
         "date":"2036-01-01",
         "GS_total_sc1":6.6,
         "GS_total_sc2":9.3,
         "RS_total_sc1":22.4,
         "RS_total_sc2":23.1
      },
      {
         "date":"2037-01-01",
         "GS_total_sc1":6.6,
         "GS_total_sc2":9.4,
         "RS_total_sc1":22.7,
         "RS_total_sc2":23.5
      },
      {
         "date":"2038-01-01",
         "GS_total_sc1":6.6,
         "GS_total_sc2":9.5,
         "RS_total_sc1":23.0,
         "RS_total_sc2":23.8
      },
      {
         "date":"2039-01-01",
         "GS_total_sc1":6.6,
         "GS_total_sc2":9.5,
         "RS_total_sc1":23.3,
         "RS_total_sc2":24.2
      },
      {
         "date":"2040-01-01",
         "GS_total_sc1":6.6,
         "GS_total_sc2":9.6,
         "RS_total_sc1":23.6,
         "RS_total_sc2":24.6
      },
      {
         "date":"2041-01-01",
         "GS_total_sc1":6.6,
         "GS_total_sc2":9.7,
         "RS_total_sc1":23.9,
         "RS_total_sc2":25.0
      },
      {
         "date":"2042-01-01",
         "GS_total_sc1":6.6,
         "GS_total_sc2":9.7,
         "RS_total_sc1":24.2,
         "RS_total_sc2":25.4
      },
      {
         "date":"2043-01-01",
         "GS_total_sc1":6.6,
         "GS_total_sc2":9.8,
         "RS_total_sc1":24.4,
         "RS_total_sc2":25.8
      },
      {
         "date":"2044-01-01",
         "GS_total_sc1":6.6,
         "GS_total_sc2":9.9,
         "RS_total_sc1":24.7,
         "RS_total_sc2":26.2
      },
      {
         "date":"2045-01-01",
         "GS_total_sc1":6.6,
         "GS_total_sc2":10.0,
         "RS_total_sc1":25.0,
         "RS_total_sc2":26.6
      },
      {
         "date":"2046-01-01",
         "GS_total_sc1":6.6,
         "GS_total_sc2":10.0,
         "RS_total_sc1":25.2,
         "RS_total_sc2":27.0
      },
      {
         "date":"2047-01-01",
         "GS_total_sc1":6.6,
         "GS_total_sc2":10.1,
         "RS_total_sc1":25.5,
         "RS_total_sc2":27.4
      },
      {
         "date":"2048-01-01",
         "GS_total_sc1":6.6,
         "GS_total_sc2":10.2,
         "RS_total_sc1":25.7,
         "RS_total_sc2":27.8
      },
      {
         "date":"2049-01-01",
         "GS_total_sc1":6.6,
         "GS_total_sc2":10.2,
         "RS_total_sc1":26.0,
         "RS_total_sc2":28.2
      },
      {
         "date":"2050-01-01",
         "GS_total_sc1":6.6,
         "GS_total_sc2":10.3,
         "RS_total_sc1":26.2,
         "RS_total_sc2":28.6
      }
   ]
}
