{
  "1": [
    {
      "date": "1930-01-01",
      "MS_timber_hist": 38.66,
      "MS_iron_hist": 3.1,
      "MS_other_hist": 2.93,
      "MS_minerals_hist": 55.31
    },
    {
      "date": "1931-01-01",
      "MS_timber_hist": 37.79,
      "MS_iron_hist": 3.06,
      "MS_other_hist": 2.93,
      "MS_minerals_hist": 56.22
    },
    {
      "date": "1932-01-01",
      "MS_timber_hist": 37.12,
      "MS_iron_hist": 3.01,
      "MS_other_hist": 2.91,
      "MS_minerals_hist": 56.95
    },
    {
      "date": "1933-01-01",
      "MS_timber_hist": 36.55,
      "MS_iron_hist": 2.98,
      "MS_other_hist": 2.91,
      "MS_minerals_hist": 57.56
    },
    {
      "date": "1934-01-01",
      "MS_timber_hist": 35.9,
      "MS_iron_hist": 2.95,
      "MS_other_hist": 2.9,
      "MS_minerals_hist": 58.25
    },
    {
      "date": "1935-01-01",
      "MS_timber_hist": 35.32,
      "MS_iron_hist": 2.92,
      "MS_other_hist": 2.89,
      "MS_minerals_hist": 58.86
    },
    {
      "date": "1936-01-01",
      "MS_timber_hist": 34.54,
      "MS_iron_hist": 2.9,
      "MS_other_hist": 2.88,
      "MS_minerals_hist": 59.68
    },
    {
      "date": "1937-01-01",
      "MS_timber_hist": 33.78,
      "MS_iron_hist": 2.9,
      "MS_other_hist": 2.88,
      "MS_minerals_hist": 60.44
    },
    {
      "date": "1938-01-01",
      "MS_timber_hist": 33.02,
      "MS_iron_hist": 2.85,
      "MS_other_hist": 2.87,
      "MS_minerals_hist": 61.25
    },
    {
      "date": "1939-01-01",
      "MS_timber_hist": 32.24,
      "MS_iron_hist": 2.82,
      "MS_other_hist": 2.87,
      "MS_minerals_hist": 62.08
    },
    {
      "date": "1940-01-01",
      "MS_timber_hist": 31.47,
      "MS_iron_hist": 2.8,
      "MS_other_hist": 2.88,
      "MS_minerals_hist": 62.85
    },
    {
      "date": "1941-01-01",
      "MS_timber_hist": 30.63,
      "MS_iron_hist": 2.8,
      "MS_other_hist": 2.88,
      "MS_minerals_hist": 63.7
    },
    {
      "date": "1942-01-01",
      "MS_timber_hist": 29.78,
      "MS_iron_hist": 2.8,
      "MS_other_hist": 2.88,
      "MS_minerals_hist": 64.54
    },
    {
      "date": "1943-01-01",
      "MS_timber_hist": 29.11,
      "MS_iron_hist": 2.81,
      "MS_other_hist": 2.9,
      "MS_minerals_hist": 65.18
    },
    {
      "date": "1944-01-01",
      "MS_timber_hist": 28.55,
      "MS_iron_hist": 2.83,
      "MS_other_hist": 2.92,
      "MS_minerals_hist": 65.7
    },
    {
      "date": "1945-01-01",
      "MS_timber_hist": 27.96,
      "MS_iron_hist": 2.84,
      "MS_other_hist": 2.94,
      "MS_minerals_hist": 66.27
    },
    {
      "date": "1946-01-01",
      "MS_timber_hist": 27.29,
      "MS_iron_hist": 2.81,
      "MS_other_hist": 2.91,
      "MS_minerals_hist": 66.99
    },
    {
      "date": "1947-01-01",
      "MS_timber_hist": 26.56,
      "MS_iron_hist": 2.79,
      "MS_other_hist": 2.89,
      "MS_minerals_hist": 67.75
    },
    {
      "date": "1948-01-01",
      "MS_timber_hist": 25.85,
      "MS_iron_hist": 2.78,
      "MS_other_hist": 2.87,
      "MS_minerals_hist": 68.5
    },
    {
      "date": "1949-01-01",
      "MS_timber_hist": 25.12,
      "MS_iron_hist": 2.76,
      "MS_other_hist": 2.85,
      "MS_minerals_hist": 69.27
    },
    {
      "date": "1950-01-01",
      "MS_timber_hist": 24.41,
      "MS_iron_hist": 2.74,
      "MS_other_hist": 2.83,
      "MS_minerals_hist": 70.02
    },
    {
      "date": "1951-01-01",
      "MS_timber_hist": 23.67,
      "MS_iron_hist": 2.73,
      "MS_other_hist": 2.79,
      "MS_minerals_hist": 70.81
    },
    {
      "date": "1952-01-01",
      "MS_timber_hist": 22.96,
      "MS_iron_hist": 2.69,
      "MS_other_hist": 2.75,
      "MS_minerals_hist": 71.6
    },
    {
      "date": "1953-01-01",
      "MS_timber_hist": 22.26,
      "MS_iron_hist": 2.68,
      "MS_other_hist": 2.72,
      "MS_minerals_hist": 72.34
    },
    {
      "date": "1954-01-01",
      "MS_timber_hist": 21.51,
      "MS_iron_hist": 2.62,
      "MS_other_hist": 2.68,
      "MS_minerals_hist": 73.19
    },
    {
      "date": "1955-01-01",
      "MS_timber_hist": 20.74,
      "MS_iron_hist": 2.57,
      "MS_other_hist": 2.63,
      "MS_minerals_hist": 74.07
    },
    {
      "date": "1956-01-01",
      "MS_timber_hist": 19.99,
      "MS_iron_hist": 2.52,
      "MS_other_hist": 2.57,
      "MS_minerals_hist": 74.92
    },
    {
      "date": "1957-01-01",
      "MS_timber_hist": 19.27,
      "MS_iron_hist": 2.48,
      "MS_other_hist": 2.53,
      "MS_minerals_hist": 75.72
    },
    {
      "date": "1958-01-01",
      "MS_timber_hist": 18.58,
      "MS_iron_hist": 2.41,
      "MS_other_hist": 2.48,
      "MS_minerals_hist": 76.52
    },
    {
      "date": "1959-01-01",
      "MS_timber_hist": 17.94,
      "MS_iron_hist": 2.35,
      "MS_other_hist": 2.41,
      "MS_minerals_hist": 77.3
    },
    {
      "date": "1960-01-01",
      "MS_timber_hist": 17.33,
      "MS_iron_hist": 2.3,
      "MS_other_hist": 2.36,
      "MS_minerals_hist": 78.0
    },
    {
      "date": "1961-01-01",
      "MS_timber_hist": 16.77,
      "MS_iron_hist": 2.25,
      "MS_other_hist": 2.33,
      "MS_minerals_hist": 78.65
    },
    {
      "date": "1962-01-01",
      "MS_timber_hist": 16.24,
      "MS_iron_hist": 2.2,
      "MS_other_hist": 2.3,
      "MS_minerals_hist": 79.26
    },
    {
      "date": "1963-01-01",
      "MS_timber_hist": 15.7,
      "MS_iron_hist": 2.14,
      "MS_other_hist": 2.26,
      "MS_minerals_hist": 79.9
    },
    {
      "date": "1964-01-01",
      "MS_timber_hist": 15.18,
      "MS_iron_hist": 2.1,
      "MS_other_hist": 2.22,
      "MS_minerals_hist": 80.5
    },
    {
      "date": "1965-01-01",
      "MS_timber_hist": 14.69,
      "MS_iron_hist": 2.06,
      "MS_other_hist": 2.19,
      "MS_minerals_hist": 81.07
    },
    {
      "date": "1966-01-01",
      "MS_timber_hist": 14.22,
      "MS_iron_hist": 2.02,
      "MS_other_hist": 2.15,
      "MS_minerals_hist": 81.61
    },
    {
      "date": "1967-01-01",
      "MS_timber_hist": 13.81,
      "MS_iron_hist": 1.98,
      "MS_other_hist": 2.1,
      "MS_minerals_hist": 82.11
    },
    {
      "date": "1968-01-01",
      "MS_timber_hist": 13.4,
      "MS_iron_hist": 1.94,
      "MS_other_hist": 2.07,
      "MS_minerals_hist": 82.58
    },
    {
      "date": "1969-01-01",
      "MS_timber_hist": 13.02,
      "MS_iron_hist": 1.9,
      "MS_other_hist": 2.05,
      "MS_minerals_hist": 83.03
    },
    {
      "date": "1970-01-01",
      "MS_timber_hist": 12.65,
      "MS_iron_hist": 1.87,
      "MS_other_hist": 2.03,
      "MS_minerals_hist": 83.46
    },
    {
      "date": "1971-01-01",
      "MS_timber_hist": 12.3,
      "MS_iron_hist": 1.83,
      "MS_other_hist": 2.0,
      "MS_minerals_hist": 83.86
    },
    {
      "date": "1972-01-01",
      "MS_timber_hist": 11.97,
      "MS_iron_hist": 1.79,
      "MS_other_hist": 1.99,
      "MS_minerals_hist": 84.26
    },
    {
      "date": "1973-01-01",
      "MS_timber_hist": 11.62,
      "MS_iron_hist": 1.75,
      "MS_other_hist": 1.97,
      "MS_minerals_hist": 84.67
    },
    {
      "date": "1974-01-01",
      "MS_timber_hist": 11.3,
      "MS_iron_hist": 1.71,
      "MS_other_hist": 1.95,
      "MS_minerals_hist": 85.04
    },
    {
      "date": "1975-01-01",
      "MS_timber_hist": 11.04,
      "MS_iron_hist": 1.69,
      "MS_other_hist": 1.94,
      "MS_minerals_hist": 85.34
    },
    {
      "date": "1976-01-01",
      "MS_timber_hist": 10.82,
      "MS_iron_hist": 1.67,
      "MS_other_hist": 1.93,
      "MS_minerals_hist": 85.59
    },
    {
      "date": "1977-01-01",
      "MS_timber_hist": 10.6,
      "MS_iron_hist": 1.63,
      "MS_other_hist": 1.91,
      "MS_minerals_hist": 85.85
    },
    {
      "date": "1978-01-01",
      "MS_timber_hist": 10.39,
      "MS_iron_hist": 1.6,
      "MS_other_hist": 1.89,
      "MS_minerals_hist": 86.12
    },
    {
      "date": "1979-01-01",
      "MS_timber_hist": 10.19,
      "MS_iron_hist": 1.57,
      "MS_other_hist": 1.88,
      "MS_minerals_hist": 86.36
    },
    {
      "date": "1980-01-01",
      "MS_timber_hist": 10.02,
      "MS_iron_hist": 1.54,
      "MS_other_hist": 1.86,
      "MS_minerals_hist": 86.58
    },
    {
      "date": "1981-01-01",
      "MS_timber_hist": 9.88,
      "MS_iron_hist": 1.52,
      "MS_other_hist": 1.86,
      "MS_minerals_hist": 86.73
    },
    {
      "date": "1982-01-01",
      "MS_timber_hist": 9.76,
      "MS_iron_hist": 1.49,
      "MS_other_hist": 1.86,
      "MS_minerals_hist": 86.89
    },
    {
      "date": "1983-01-01",
      "MS_timber_hist": 9.65,
      "MS_iron_hist": 1.46,
      "MS_other_hist": 1.85,
      "MS_minerals_hist": 87.05
    },
    {
      "date": "1984-01-01",
      "MS_timber_hist": 9.54,
      "MS_iron_hist": 1.43,
      "MS_other_hist": 1.83,
      "MS_minerals_hist": 87.21
    },
    {
      "date": "1985-01-01",
      "MS_timber_hist": 9.42,
      "MS_iron_hist": 1.4,
      "MS_other_hist": 1.8,
      "MS_minerals_hist": 87.38
    },
    {
      "date": "1986-01-01",
      "MS_timber_hist": 9.32,
      "MS_iron_hist": 1.36,
      "MS_other_hist": 1.78,
      "MS_minerals_hist": 87.53
    },
    {
      "date": "1987-01-01",
      "MS_timber_hist": 9.22,
      "MS_iron_hist": 1.33,
      "MS_other_hist": 1.75,
      "MS_minerals_hist": 87.7
    },
    {
      "date": "1988-01-01",
      "MS_timber_hist": 9.11,
      "MS_iron_hist": 1.3,
      "MS_other_hist": 1.74,
      "MS_minerals_hist": 87.86
    },
    {
      "date": "1989-01-01",
      "MS_timber_hist": 9.02,
      "MS_iron_hist": 1.27,
      "MS_other_hist": 1.72,
      "MS_minerals_hist": 88.0
    },
    {
      "date": "1990-01-01",
      "MS_timber_hist": 8.93,
      "MS_iron_hist": 1.24,
      "MS_other_hist": 1.71,
      "MS_minerals_hist": 88.12
    },
    {
      "date": "1991-01-01",
      "MS_timber_hist": 8.84,
      "MS_iron_hist": 1.21,
      "MS_other_hist": 1.7,
      "MS_minerals_hist": 88.25
    },
    {
      "date": "1992-01-01",
      "MS_timber_hist": 8.76,
      "MS_iron_hist": 1.19,
      "MS_other_hist": 1.7,
      "MS_minerals_hist": 88.35
    },
    {
      "date": "1993-01-01",
      "MS_timber_hist": 8.68,
      "MS_iron_hist": 1.16,
      "MS_other_hist": 1.69,
      "MS_minerals_hist": 88.46
    },
    {
      "date": "1994-01-01",
      "MS_timber_hist": 8.6,
      "MS_iron_hist": 1.14,
      "MS_other_hist": 1.69,
      "MS_minerals_hist": 88.58
    },
    {
      "date": "1995-01-01",
      "MS_timber_hist": 8.51,
      "MS_iron_hist": 1.12,
      "MS_other_hist": 1.68,
      "MS_minerals_hist": 88.69
    },
    {
      "date": "1996-01-01",
      "MS_timber_hist": 8.43,
      "MS_iron_hist": 1.09,
      "MS_other_hist": 1.67,
      "MS_minerals_hist": 88.8
    },
    {
      "date": "1997-01-01",
      "MS_timber_hist": 8.34,
      "MS_iron_hist": 1.07,
      "MS_other_hist": 1.67,
      "MS_minerals_hist": 88.92
    },
    {
      "date": "1998-01-01",
      "MS_timber_hist": 8.25,
      "MS_iron_hist": 1.05,
      "MS_other_hist": 1.66,
      "MS_minerals_hist": 89.04
    },
    {
      "date": "1999-01-01",
      "MS_timber_hist": 8.16,
      "MS_iron_hist": 1.03,
      "MS_other_hist": 1.65,
      "MS_minerals_hist": 89.16
    },
    {
      "date": "2000-01-01",
      "MS_timber_hist": 8.07,
      "MS_iron_hist": 1.01,
      "MS_other_hist": 1.63,
      "MS_minerals_hist": 89.29
    },
    {
      "date": "2001-01-01",
      "MS_timber_hist": 7.98,
      "MS_iron_hist": 0.99,
      "MS_other_hist": 1.61,
      "MS_minerals_hist": 89.42
    },
    {
      "date": "2002-01-01",
      "MS_timber_hist": 7.9,
      "MS_iron_hist": 0.97,
      "MS_other_hist": 1.59,
      "MS_minerals_hist": 89.54
    },
    {
      "date": "2003-01-01",
      "MS_timber_hist": 7.83,
      "MS_iron_hist": 0.94,
      "MS_other_hist": 1.57,
      "MS_minerals_hist": 89.66
    },
    {
      "date": "2004-01-01",
      "MS_timber_hist": 7.75,
      "MS_iron_hist": 0.92,
      "MS_other_hist": 1.54,
      "MS_minerals_hist": 89.78
    },
    {
      "date": "2005-01-01",
      "MS_timber_hist": 7.68,
      "MS_iron_hist": 0.9,
      "MS_other_hist": 1.52,
      "MS_minerals_hist": 89.91,
      "MS_timber_sc1": 7.68,
      "MS_iron_sc1": 0.9,
      "MS_other_sc1": 1.52,
      "MS_minerals_sc1": 89.91,
      "MS_timber_sc2": 7.68,
      "MS_iron_sc2": 0.9,
      "MS_other_sc2": 1.52,
      "MS_minerals_sc2": 89.91
    },
    {
      "date": "2006-01-01",
      "MS_timber_sc1": 7.62,
      "MS_iron_sc1": 0.88,
      "MS_other_sc1": 1.5,
      "MS_minerals_sc1": 90.0,
      "MS_timber_sc2": 7.6,
      "MS_iron_sc2": 0.88,
      "MS_other_sc2": 1.49,
      "MS_minerals_sc2": 90.03
    },
    {
      "date": "2007-01-01",
      "MS_timber_sc1": 7.56,
      "MS_iron_sc1": 0.87,
      "MS_other_sc1": 1.49,
      "MS_minerals_sc1": 90.08,
      "MS_timber_sc2": 7.53,
      "MS_iron_sc2": 0.86,
      "MS_other_sc2": 1.46,
      "MS_minerals_sc2": 90.15
    },
    {
      "date": "2008-01-01",
      "MS_timber_sc1": 7.5,
      "MS_iron_sc1": 0.85,
      "MS_other_sc1": 1.48,
      "MS_minerals_sc1": 90.17,
      "MS_timber_sc2": 7.46,
      "MS_iron_sc2": 0.84,
      "MS_other_sc2": 1.44,
      "MS_minerals_sc2": 90.26
    },
    {
      "date": "2009-01-01",
      "MS_timber_sc1": 7.45,
      "MS_iron_sc1": 0.84,
      "MS_other_sc1": 1.47,
      "MS_minerals_sc1": 90.24,
      "MS_timber_sc2": 7.4,
      "MS_iron_sc2": 0.82,
      "MS_other_sc2": 1.42,
      "MS_minerals_sc2": 90.36
    },
    {
      "date": "2010-01-01",
      "MS_timber_sc1": 7.4,
      "MS_iron_sc1": 0.82,
      "MS_other_sc1": 1.46,
      "MS_minerals_sc1": 90.32,
      "MS_timber_sc2": 7.34,
      "MS_iron_sc2": 0.8,
      "MS_other_sc2": 1.39,
      "MS_minerals_sc2": 90.47
    },
    {
      "date": "2011-01-01",
      "MS_timber_sc1": 7.35,
      "MS_iron_sc1": 0.81,
      "MS_other_sc1": 1.45,
      "MS_minerals_sc1": 90.39,
      "MS_timber_sc2": 7.28,
      "MS_iron_sc2": 0.78,
      "MS_other_sc2": 1.37,
      "MS_minerals_sc2": 90.56
    },
    {
      "date": "2012-01-01",
      "MS_timber_sc1": 7.31,
      "MS_iron_sc1": 0.8,
      "MS_other_sc1": 1.44,
      "MS_minerals_sc1": 90.46,
      "MS_timber_sc2": 7.23,
      "MS_iron_sc2": 0.77,
      "MS_other_sc2": 1.35,
      "MS_minerals_sc2": 90.65
    },
    {
      "date": "2013-01-01",
      "MS_timber_sc1": 7.27,
      "MS_iron_sc1": 0.78,
      "MS_other_sc1": 1.43,
      "MS_minerals_sc1": 90.52,
      "MS_timber_sc2": 7.18,
      "MS_iron_sc2": 0.75,
      "MS_other_sc2": 1.33,
      "MS_minerals_sc2": 90.74
    },
    {
      "date": "2014-01-01",
      "MS_timber_sc1": 7.23,
      "MS_iron_sc1": 0.77,
      "MS_other_sc1": 1.42,
      "MS_minerals_sc1": 90.58,
      "MS_timber_sc2": 7.13,
      "MS_iron_sc2": 0.73,
      "MS_other_sc2": 1.31,
      "MS_minerals_sc2": 90.83
    },
    {
      "date": "2015-01-01",
      "MS_timber_sc1": 7.19,
      "MS_iron_sc1": 0.76,
      "MS_other_sc1": 1.41,
      "MS_minerals_sc1": 90.64,
      "MS_timber_sc2": 7.08,
      "MS_iron_sc2": 0.72,
      "MS_other_sc2": 1.29,
      "MS_minerals_sc2": 90.91
    },
    {
      "date": "2016-01-01",
      "MS_timber_sc1": 7.15,
      "MS_iron_sc1": 0.75,
      "MS_other_sc1": 1.4,
      "MS_minerals_sc1": 90.7,
      "MS_timber_sc2": 7.04,
      "MS_iron_sc2": 0.7,
      "MS_other_sc2": 1.27,
      "MS_minerals_sc2": 90.99
    },
    {
      "date": "2017-01-01",
      "MS_timber_sc1": 7.11,
      "MS_iron_sc1": 0.74,
      "MS_other_sc1": 1.39,
      "MS_minerals_sc1": 90.75,
      "MS_timber_sc2": 6.99,
      "MS_iron_sc2": 0.69,
      "MS_other_sc2": 1.26,
      "MS_minerals_sc2": 91.06
    },
    {
      "date": "2018-01-01",
      "MS_timber_sc1": 7.08,
      "MS_iron_sc1": 0.73,
      "MS_other_sc1": 1.39,
      "MS_minerals_sc1": 90.81,
      "MS_timber_sc2": 6.95,
      "MS_iron_sc2": 0.68,
      "MS_other_sc2": 1.24,
      "MS_minerals_sc2": 91.13
    },
    {
      "date": "2019-01-01",
      "MS_timber_sc1": 7.04,
      "MS_iron_sc1": 0.72,
      "MS_other_sc1": 1.38,
      "MS_minerals_sc1": 90.86,
      "MS_timber_sc2": 6.91,
      "MS_iron_sc2": 0.66,
      "MS_other_sc2": 1.22,
      "MS_minerals_sc2": 91.2
    },
    {
      "date": "2020-01-01",
      "MS_timber_sc1": 7.01,
      "MS_iron_sc1": 0.71,
      "MS_other_sc1": 1.37,
      "MS_minerals_sc1": 90.91,
      "MS_timber_sc2": 6.88,
      "MS_iron_sc2": 0.65,
      "MS_other_sc2": 1.2,
      "MS_minerals_sc2": 91.27
    },
    {
      "date": "2021-01-01",
      "MS_timber_sc1": 6.98,
      "MS_iron_sc1": 0.7,
      "MS_other_sc1": 1.36,
      "MS_minerals_sc1": 90.95,
      "MS_timber_sc2": 6.84,
      "MS_iron_sc2": 0.64,
      "MS_other_sc2": 1.19,
      "MS_minerals_sc2": 91.33
    },
    {
      "date": "2022-01-01",
      "MS_timber_sc1": 6.95,
      "MS_iron_sc1": 0.69,
      "MS_other_sc1": 1.36,
      "MS_minerals_sc1": 91.0,
      "MS_timber_sc2": 6.81,
      "MS_iron_sc2": 0.63,
      "MS_other_sc2": 1.17,
      "MS_minerals_sc2": 91.39
    },
    {
      "date": "2023-01-01",
      "MS_timber_sc1": 6.92,
      "MS_iron_sc1": 0.69,
      "MS_other_sc1": 1.35,
      "MS_minerals_sc1": 91.04,
      "MS_timber_sc2": 6.77,
      "MS_iron_sc2": 0.62,
      "MS_other_sc2": 1.16,
      "MS_minerals_sc2": 91.45
    },
    {
      "date": "2024-01-01",
      "MS_timber_sc1": 6.89,
      "MS_iron_sc1": 0.68,
      "MS_other_sc1": 1.34,
      "MS_minerals_sc1": 91.09,
      "MS_timber_sc2": 6.74,
      "MS_iron_sc2": 0.61,
      "MS_other_sc2": 1.14,
      "MS_minerals_sc2": 91.51
    },
    {
      "date": "2025-01-01",
      "MS_timber_sc1": 6.86,
      "MS_iron_sc1": 0.67,
      "MS_other_sc1": 1.34,
      "MS_minerals_sc1": 91.13,
      "MS_timber_sc2": 6.71,
      "MS_iron_sc2": 0.6,
      "MS_other_sc2": 1.13,
      "MS_minerals_sc2": 91.56
    },
    {
      "date": "2026-01-01",
      "MS_timber_sc1": 6.84,
      "MS_iron_sc1": 0.66,
      "MS_other_sc1": 1.33,
      "MS_minerals_sc1": 91.17,
      "MS_timber_sc2": 6.68,
      "MS_iron_sc2": 0.59,
      "MS_other_sc2": 1.11,
      "MS_minerals_sc2": 91.61
    },
    {
      "date": "2027-01-01",
      "MS_timber_sc1": 6.81,
      "MS_iron_sc1": 0.66,
      "MS_other_sc1": 1.32,
      "MS_minerals_sc1": 91.21,
      "MS_timber_sc2": 6.66,
      "MS_iron_sc2": 0.58,
      "MS_other_sc2": 1.1,
      "MS_minerals_sc2": 91.66
    },
    {
      "date": "2028-01-01",
      "MS_timber_sc1": 6.79,
      "MS_iron_sc1": 0.65,
      "MS_other_sc1": 1.32,
      "MS_minerals_sc1": 91.25,
      "MS_timber_sc2": 6.63,
      "MS_iron_sc2": 0.57,
      "MS_other_sc2": 1.09,
      "MS_minerals_sc2": 91.71
    },
    {
      "date": "2029-01-01",
      "MS_timber_sc1": 6.76,
      "MS_iron_sc1": 0.64,
      "MS_other_sc1": 1.31,
      "MS_minerals_sc1": 91.28,
      "MS_timber_sc2": 6.6,
      "MS_iron_sc2": 0.56,
      "MS_other_sc2": 1.07,
      "MS_minerals_sc2": 91.76
    },
    {
      "date": "2030-01-01",
      "MS_timber_sc1": 6.74,
      "MS_iron_sc1": 0.64,
      "MS_other_sc1": 1.31,
      "MS_minerals_sc1": 91.32,
      "MS_timber_sc2": 6.58,
      "MS_iron_sc2": 0.56,
      "MS_other_sc2": 1.06,
      "MS_minerals_sc2": 91.81
    },
    {
      "date": "2031-01-01",
      "MS_timber_sc1": 6.71,
      "MS_iron_sc1": 0.63,
      "MS_other_sc1": 1.3,
      "MS_minerals_sc1": 91.35,
      "MS_timber_sc2": 6.55,
      "MS_iron_sc2": 0.55,
      "MS_other_sc2": 1.05,
      "MS_minerals_sc2": 91.85
    },
    {
      "date": "2032-01-01",
      "MS_timber_sc1": 6.69,
      "MS_iron_sc1": 0.63,
      "MS_other_sc1": 1.3,
      "MS_minerals_sc1": 91.39,
      "MS_timber_sc2": 6.53,
      "MS_iron_sc2": 0.54,
      "MS_other_sc2": 1.04,
      "MS_minerals_sc2": 91.89
    },
    {
      "date": "2033-01-01",
      "MS_timber_sc1": 6.67,
      "MS_iron_sc1": 0.62,
      "MS_other_sc1": 1.29,
      "MS_minerals_sc1": 91.42,
      "MS_timber_sc2": 6.51,
      "MS_iron_sc2": 0.54,
      "MS_other_sc2": 1.02,
      "MS_minerals_sc2": 91.93
    },
    {
      "date": "2034-01-01",
      "MS_timber_sc1": 6.64,
      "MS_iron_sc1": 0.62,
      "MS_other_sc1": 1.29,
      "MS_minerals_sc1": 91.45,
      "MS_timber_sc2": 6.49,
      "MS_iron_sc2": 0.53,
      "MS_other_sc2": 1.01,
      "MS_minerals_sc2": 91.97
    },
    {
      "date": "2035-01-01",
      "MS_timber_sc1": 6.62,
      "MS_iron_sc1": 0.62,
      "MS_other_sc1": 1.28,
      "MS_minerals_sc1": 91.48,
      "MS_timber_sc2": 6.47,
      "MS_iron_sc2": 0.52,
      "MS_other_sc2": 1.0,
      "MS_minerals_sc2": 92.01
    },
    {
      "date": "2036-01-01",
      "MS_timber_sc1": 6.6,
      "MS_iron_sc1": 0.61,
      "MS_other_sc1": 1.28,
      "MS_minerals_sc1": 91.51,
      "MS_timber_sc2": 6.44,
      "MS_iron_sc2": 0.52,
      "MS_other_sc2": 0.99,
      "MS_minerals_sc2": 92.04
    },
    {
      "date": "2037-01-01",
      "MS_timber_sc1": 6.58,
      "MS_iron_sc1": 0.61,
      "MS_other_sc1": 1.27,
      "MS_minerals_sc1": 91.54,
      "MS_timber_sc2": 6.43,
      "MS_iron_sc2": 0.51,
      "MS_other_sc2": 0.98,
      "MS_minerals_sc2": 92.08
    },
    {
      "date": "2038-01-01",
      "MS_timber_sc1": 6.56,
      "MS_iron_sc1": 0.6,
      "MS_other_sc1": 1.27,
      "MS_minerals_sc1": 91.56,
      "MS_timber_sc2": 6.41,
      "MS_iron_sc2": 0.51,
      "MS_other_sc2": 0.97,
      "MS_minerals_sc2": 92.11
    },
    {
      "date": "2039-01-01",
      "MS_timber_sc1": 6.54,
      "MS_iron_sc1": 0.6,
      "MS_other_sc1": 1.27,
      "MS_minerals_sc1": 91.59,
      "MS_timber_sc2": 6.39,
      "MS_iron_sc2": 0.5,
      "MS_other_sc2": 0.96,
      "MS_minerals_sc2": 92.14
    },
    {
      "date": "2040-01-01",
      "MS_timber_sc1": 6.52,
      "MS_iron_sc1": 0.6,
      "MS_other_sc1": 1.26,
      "MS_minerals_sc1": 91.62,
      "MS_timber_sc2": 6.37,
      "MS_iron_sc2": 0.5,
      "MS_other_sc2": 0.95,
      "MS_minerals_sc2": 92.18
    },
    {
      "date": "2041-01-01",
      "MS_timber_sc1": 6.51,
      "MS_iron_sc1": 0.6,
      "MS_other_sc1": 1.26,
      "MS_minerals_sc1": 91.64,
      "MS_timber_sc2": 6.36,
      "MS_iron_sc2": 0.49,
      "MS_other_sc2": 0.95,
      "MS_minerals_sc2": 92.2
    },
    {
      "date": "2042-01-01",
      "MS_timber_sc1": 6.49,
      "MS_iron_sc1": 0.59,
      "MS_other_sc1": 1.25,
      "MS_minerals_sc1": 91.66,
      "MS_timber_sc2": 6.34,
      "MS_iron_sc2": 0.49,
      "MS_other_sc2": 0.94,
      "MS_minerals_sc2": 92.23
    },
    {
      "date": "2043-01-01",
      "MS_timber_sc1": 6.47,
      "MS_iron_sc1": 0.59,
      "MS_other_sc1": 1.25,
      "MS_minerals_sc1": 91.69,
      "MS_timber_sc2": 6.32,
      "MS_iron_sc2": 0.49,
      "MS_other_sc2": 0.93,
      "MS_minerals_sc2": 92.26
    },
    {
      "date": "2044-01-01",
      "MS_timber_sc1": 6.46,
      "MS_iron_sc1": 0.59,
      "MS_other_sc1": 1.25,
      "MS_minerals_sc1": 91.71,
      "MS_timber_sc2": 6.31,
      "MS_iron_sc2": 0.48,
      "MS_other_sc2": 0.92,
      "MS_minerals_sc2": 92.28
    },
    {
      "date": "2045-01-01",
      "MS_timber_sc1": 6.44,
      "MS_iron_sc1": 0.59,
      "MS_other_sc1": 1.25,
      "MS_minerals_sc1": 91.73,
      "MS_timber_sc2": 6.3,
      "MS_iron_sc2": 0.48,
      "MS_other_sc2": 0.92,
      "MS_minerals_sc2": 92.31
    },
    {
      "date": "2046-01-01",
      "MS_timber_sc1": 6.43,
      "MS_iron_sc1": 0.58,
      "MS_other_sc1": 1.24,
      "MS_minerals_sc1": 91.75,
      "MS_timber_sc2": 6.28,
      "MS_iron_sc2": 0.48,
      "MS_other_sc2": 0.91,
      "MS_minerals_sc2": 92.33
    },
    {
      "date": "2047-01-01",
      "MS_timber_sc1": 6.41,
      "MS_iron_sc1": 0.58,
      "MS_other_sc1": 1.24,
      "MS_minerals_sc1": 91.76,
      "MS_timber_sc2": 6.27,
      "MS_iron_sc2": 0.47,
      "MS_other_sc2": 0.9,
      "MS_minerals_sc2": 92.35
    },
    {
      "date": "2048-01-01",
      "MS_timber_sc1": 6.4,
      "MS_iron_sc1": 0.58,
      "MS_other_sc1": 1.24,
      "MS_minerals_sc1": 91.78,
      "MS_timber_sc2": 6.26,
      "MS_iron_sc2": 0.47,
      "MS_other_sc2": 0.9,
      "MS_minerals_sc2": 92.37
    },
    {
      "date": "2049-01-01",
      "MS_timber_sc1": 6.39,
      "MS_iron_sc1": 0.58,
      "MS_other_sc1": 1.24,
      "MS_minerals_sc1": 91.8,
      "MS_timber_sc2": 6.25,
      "MS_iron_sc2": 0.47,
      "MS_other_sc2": 0.89,
      "MS_minerals_sc2": 92.39
    },
    {
      "date": "2050-01-01",
      "MS_timber_sc1": 6.37,
      "MS_iron_sc1": 0.58,
      "MS_other_sc1": 1.23,
      "MS_minerals_sc1": 91.81,
      "MS_timber_sc2": 6.24,
      "MS_iron_sc2": 0.47,
      "MS_other_sc2": 0.88,
      "MS_minerals_sc2": 92.41
    }
  ],
  "2": [
    {
      "date": "1930-01-01",
      "GS_timber_hist": 22,
      "GS_iron_hist": 2,
      "GS_other_hist": 3,
      "GS_minerals_hist": 73,
      "RS_timber_hist": 67,
      "RS_iron_hist": 2,
      "RS_other_hist": 2,
      "RS_minerals_hist": 29
    },
    {
      "date": "1931-01-01",
      "GS_timber_hist": 20,
      "GS_iron_hist": 2,
      "GS_other_hist": 2,
      "GS_minerals_hist": 76,
      "RS_timber_hist": 67,
      "RS_iron_hist": 2,
      "RS_other_hist": 2,
      "RS_minerals_hist": 30
    },
    {
      "date": "1932-01-01",
      "GS_timber_hist": 21,
      "GS_iron_hist": 1,
      "GS_other_hist": 2,
      "GS_minerals_hist": 77,
      "RS_timber_hist": 66,
      "RS_iron_hist": 2,
      "RS_other_hist": 2,
      "RS_minerals_hist": 30
    },
    {
      "date": "1933-01-01",
      "GS_timber_hist": 25,
      "GS_iron_hist": 1,
      "GS_other_hist": 2,
      "GS_minerals_hist": 72,
      "RS_timber_hist": 65,
      "RS_iron_hist": 2,
      "RS_other_hist": 2,
      "RS_minerals_hist": 31
    },
    {
      "date": "1934-01-01",
      "GS_timber_hist": 23,
      "GS_iron_hist": 1,
      "GS_other_hist": 2,
      "GS_minerals_hist": 74,
      "RS_timber_hist": 65,
      "RS_iron_hist": 2,
      "RS_other_hist": 2,
      "RS_minerals_hist": 31
    },
    {
      "date": "1935-01-01",
      "GS_timber_hist": 25,
      "GS_iron_hist": 2,
      "GS_other_hist": 2,
      "GS_minerals_hist": 71,
      "RS_timber_hist": 64,
      "RS_iron_hist": 2,
      "RS_other_hist": 2,
      "RS_minerals_hist": 32
    },
    {
      "date": "1936-01-01",
      "GS_timber_hist": 22,
      "GS_iron_hist": 2,
      "GS_other_hist": 2,
      "GS_minerals_hist": 74,
      "RS_timber_hist": 63,
      "RS_iron_hist": 2,
      "RS_other_hist": 2,
      "RS_minerals_hist": 32
    },
    {
      "date": "1937-01-01",
      "GS_timber_hist": 22,
      "GS_iron_hist": 3,
      "GS_other_hist": 3,
      "GS_minerals_hist": 73,
      "RS_timber_hist": 63,
      "RS_iron_hist": 2,
      "RS_other_hist": 2,
      "RS_minerals_hist": 33
    },
    {
      "date": "1938-01-01",
      "GS_timber_hist": 21,
      "GS_iron_hist": 1,
      "GS_other_hist": 2,
      "GS_minerals_hist": 76,
      "RS_timber_hist": 62,
      "RS_iron_hist": 2,
      "RS_other_hist": 2,
      "RS_minerals_hist": 34
    },
    {
      "date": "1939-01-01",
      "GS_timber_hist": 20,
      "GS_iron_hist": 2,
      "GS_other_hist": 2,
      "GS_minerals_hist": 75,
      "RS_timber_hist": 61,
      "RS_iron_hist": 2,
      "RS_other_hist": 2,
      "RS_minerals_hist": 34
    },
    {
      "date": "1940-01-01",
      "GS_timber_hist": 21,
      "GS_iron_hist": 2,
      "GS_other_hist": 3,
      "GS_minerals_hist": 74,
      "RS_timber_hist": 60,
      "RS_iron_hist": 2,
      "RS_other_hist": 2,
      "RS_minerals_hist": 35
    },
    {
      "date": "1941-01-01",
      "GS_timber_hist": 20,
      "GS_iron_hist": 3,
      "GS_other_hist": 3,
      "GS_minerals_hist": 75,
      "RS_timber_hist": 60,
      "RS_iron_hist": 2,
      "RS_other_hist": 2,
      "RS_minerals_hist": 36
    },
    {
      "date": "1942-01-01",
      "GS_timber_hist": 19,
      "GS_iron_hist": 3,
      "GS_other_hist": 3,
      "GS_minerals_hist": 76,
      "RS_timber_hist": 59,
      "RS_iron_hist": 2,
      "RS_other_hist": 2,
      "RS_minerals_hist": 37
    },
    {
      "date": "1943-01-01",
      "GS_timber_hist": 21,
      "GS_iron_hist": 3,
      "GS_other_hist": 3,
      "GS_minerals_hist": 73,
      "RS_timber_hist": 58,
      "RS_iron_hist": 3,
      "RS_other_hist": 2,
      "RS_minerals_hist": 37
    },
    {
      "date": "1944-01-01",
      "GS_timber_hist": 22,
      "GS_iron_hist": 3,
      "GS_other_hist": 3,
      "GS_minerals_hist": 71,
      "RS_timber_hist": 57,
      "RS_iron_hist": 3,
      "RS_other_hist": 2,
      "RS_minerals_hist": 38
    },
    {
      "date": "1945-01-01",
      "GS_timber_hist": 20,
      "GS_iron_hist": 3,
      "GS_other_hist": 3,
      "GS_minerals_hist": 73,
      "RS_timber_hist": 56,
      "RS_iron_hist": 3,
      "RS_other_hist": 2,
      "RS_minerals_hist": 39
    },
    {
      "date": "1946-01-01",
      "GS_timber_hist": 19,
      "GS_iron_hist": 2,
      "GS_other_hist": 2,
      "GS_minerals_hist": 77,
      "RS_timber_hist": 55,
      "RS_iron_hist": 3,
      "RS_other_hist": 2,
      "RS_minerals_hist": 40
    },
    {
      "date": "1947-01-01",
      "GS_timber_hist": 18,
      "GS_iron_hist": 2,
      "GS_other_hist": 2,
      "GS_minerals_hist": 77,
      "RS_timber_hist": 54,
      "RS_iron_hist": 3,
      "RS_other_hist": 2,
      "RS_minerals_hist": 41
    },
    {
      "date": "1948-01-01",
      "GS_timber_hist": 18,
      "GS_iron_hist": 3,
      "GS_other_hist": 2,
      "GS_minerals_hist": 78,
      "RS_timber_hist": 53,
      "RS_iron_hist": 3,
      "RS_other_hist": 2,
      "RS_minerals_hist": 42
    },
    {
      "date": "1949-01-01",
      "GS_timber_hist": 16,
      "GS_iron_hist": 2,
      "GS_other_hist": 2,
      "GS_minerals_hist": 80,
      "RS_timber_hist": 52,
      "RS_iron_hist": 3,
      "RS_other_hist": 2,
      "RS_minerals_hist": 43
    },
    {
      "date": "1950-01-01",
      "GS_timber_hist": 16,
      "GS_iron_hist": 2,
      "GS_other_hist": 2,
      "GS_minerals_hist": 79,
      "RS_timber_hist": 51,
      "RS_iron_hist": 3,
      "RS_other_hist": 2,
      "RS_minerals_hist": 44
    },
    {
      "date": "1951-01-01",
      "GS_timber_hist": 15,
      "GS_iron_hist": 3,
      "GS_other_hist": 2,
      "GS_minerals_hist": 80,
      "RS_timber_hist": 50,
      "RS_iron_hist": 3,
      "RS_other_hist": 2,
      "RS_minerals_hist": 45
    },
    {
      "date": "1952-01-01",
      "GS_timber_hist": 15,
      "GS_iron_hist": 2,
      "GS_other_hist": 2,
      "GS_minerals_hist": 81,
      "RS_timber_hist": 49,
      "RS_iron_hist": 3,
      "RS_other_hist": 2,
      "RS_minerals_hist": 46
    },
    {
      "date": "1953-01-01",
      "GS_timber_hist": 14,
      "GS_iron_hist": 2,
      "GS_other_hist": 2,
      "GS_minerals_hist": 81,
      "RS_timber_hist": 48,
      "RS_iron_hist": 3,
      "RS_other_hist": 2,
      "RS_minerals_hist": 47
    },
    {
      "date": "1954-01-01",
      "GS_timber_hist": 13,
      "GS_iron_hist": 2,
      "GS_other_hist": 2,
      "GS_minerals_hist": 84,
      "RS_timber_hist": 47,
      "RS_iron_hist": 3,
      "RS_other_hist": 3,
      "RS_minerals_hist": 48
    },
    {
      "date": "1955-01-01",
      "GS_timber_hist": 12,
      "GS_iron_hist": 2,
      "GS_other_hist": 2,
      "GS_minerals_hist": 84,
      "RS_timber_hist": 46,
      "RS_iron_hist": 3,
      "RS_other_hist": 3,
      "RS_minerals_hist": 49
    },
    {
      "date": "1956-01-01",
      "GS_timber_hist": 12,
      "GS_iron_hist": 2,
      "GS_other_hist": 2,
      "GS_minerals_hist": 85,
      "RS_timber_hist": 45,
      "RS_iron_hist": 3,
      "RS_other_hist": 3,
      "RS_minerals_hist": 50
    },
    {
      "date": "1957-01-01",
      "GS_timber_hist": 11,
      "GS_iron_hist": 2,
      "GS_other_hist": 2,
      "GS_minerals_hist": 86,
      "RS_timber_hist": 44,
      "RS_iron_hist": 3,
      "RS_other_hist": 3,
      "RS_minerals_hist": 51
    },
    {
      "date": "1958-01-01",
      "GS_timber_hist": 11,
      "GS_iron_hist": 1,
      "GS_other_hist": 2,
      "GS_minerals_hist": 87,
      "RS_timber_hist": 43,
      "RS_iron_hist": 3,
      "RS_other_hist": 3,
      "RS_minerals_hist": 52
    },
    {
      "date": "1959-01-01",
      "GS_timber_hist": 11,
      "GS_iron_hist": 1,
      "GS_other_hist": 1,
      "GS_minerals_hist": 87,
      "RS_timber_hist": 42,
      "RS_iron_hist": 3,
      "RS_other_hist": 3,
      "RS_minerals_hist": 53
    },
    {
      "date": "1960-01-01",
      "GS_timber_hist": 10,
      "GS_iron_hist": 2,
      "GS_other_hist": 1,
      "GS_minerals_hist": 87,
      "RS_timber_hist": 40,
      "RS_iron_hist": 3,
      "RS_other_hist": 3,
      "RS_minerals_hist": 54
    },
    {
      "date": "1961-01-01",
      "GS_timber_hist": 10,
      "GS_iron_hist": 1,
      "GS_other_hist": 2,
      "GS_minerals_hist": 87,
      "RS_timber_hist": 39,
      "RS_iron_hist": 3,
      "RS_other_hist": 3,
      "RS_minerals_hist": 55
    },
    {
      "date": "1962-01-01",
      "GS_timber_hist": 10,
      "GS_iron_hist": 1,
      "GS_other_hist": 2,
      "GS_minerals_hist": 87,
      "RS_timber_hist": 38,
      "RS_iron_hist": 3,
      "RS_other_hist": 3,
      "RS_minerals_hist": 56
    },
    {
      "date": "1963-01-01",
      "GS_timber_hist": 9,
      "GS_iron_hist": 1,
      "GS_other_hist": 2,
      "GS_minerals_hist": 88,
      "RS_timber_hist": 37,
      "RS_iron_hist": 3,
      "RS_other_hist": 3,
      "RS_minerals_hist": 57
    },
    {
      "date": "1964-01-01",
      "GS_timber_hist": 9,
      "GS_iron_hist": 1,
      "GS_other_hist": 2,
      "GS_minerals_hist": 88,
      "RS_timber_hist": 36,
      "RS_iron_hist": 3,
      "RS_other_hist": 3,
      "RS_minerals_hist": 58
    },
    {
      "date": "1965-01-01",
      "GS_timber_hist": 9,
      "GS_iron_hist": 1,
      "GS_other_hist": 2,
      "GS_minerals_hist": 88,
      "RS_timber_hist": 35,
      "RS_iron_hist": 3,
      "RS_other_hist": 3,
      "RS_minerals_hist": 59
    },
    {
      "date": "1966-01-01",
      "GS_timber_hist": 9,
      "GS_iron_hist": 1,
      "GS_other_hist": 2,
      "GS_minerals_hist": 88,
      "RS_timber_hist": 34,
      "RS_iron_hist": 3,
      "RS_other_hist": 3,
      "RS_minerals_hist": 60
    },
    {
      "date": "1967-01-01",
      "GS_timber_hist": 9,
      "GS_iron_hist": 1,
      "GS_other_hist": 1,
      "GS_minerals_hist": 88,
      "RS_timber_hist": 33,
      "RS_iron_hist": 3,
      "RS_other_hist": 3,
      "RS_minerals_hist": 61
    },
    {
      "date": "1968-01-01",
      "GS_timber_hist": 9,
      "GS_iron_hist": 1,
      "GS_other_hist": 1,
      "GS_minerals_hist": 88,
      "RS_timber_hist": 32,
      "RS_iron_hist": 3,
      "RS_other_hist": 3,
      "RS_minerals_hist": 62
    },
    {
      "date": "1969-01-01",
      "GS_timber_hist": 9,
      "GS_iron_hist": 1,
      "GS_other_hist": 2,
      "GS_minerals_hist": 88,
      "RS_timber_hist": 31,
      "RS_iron_hist": 3,
      "RS_other_hist": 3,
      "RS_minerals_hist": 63
    },
    {
      "date": "1970-01-01",
      "GS_timber_hist": 8,
      "GS_iron_hist": 1,
      "GS_other_hist": 2,
      "GS_minerals_hist": 89,
      "RS_timber_hist": 30,
      "RS_iron_hist": 3,
      "RS_other_hist": 3,
      "RS_minerals_hist": 64
    },
    {
      "date": "1971-01-01",
      "GS_timber_hist": 8,
      "GS_iron_hist": 1,
      "GS_other_hist": 2,
      "GS_minerals_hist": 89,
      "RS_timber_hist": 30,
      "RS_iron_hist": 3,
      "RS_other_hist": 3,
      "RS_minerals_hist": 65
    },
    {
      "date": "1972-01-01",
      "GS_timber_hist": 8,
      "GS_iron_hist": 1,
      "GS_other_hist": 2,
      "GS_minerals_hist": 89,
      "RS_timber_hist": 29,
      "RS_iron_hist": 3,
      "RS_other_hist": 3,
      "RS_minerals_hist": 66
    },
    {
      "date": "1973-01-01",
      "GS_timber_hist": 8,
      "GS_iron_hist": 1,
      "GS_other_hist": 2,
      "GS_minerals_hist": 90,
      "RS_timber_hist": 28,
      "RS_iron_hist": 3,
      "RS_other_hist": 3,
      "RS_minerals_hist": 67
    },
    {
      "date": "1974-01-01",
      "GS_timber_hist": 8,
      "GS_iron_hist": 1,
      "GS_other_hist": 2,
      "GS_minerals_hist": 90,
      "RS_timber_hist": 27,
      "RS_iron_hist": 3,
      "RS_other_hist": 3,
      "RS_minerals_hist": 68
    },
    {
      "date": "1975-01-01",
      "GS_timber_hist": 8,
      "GS_iron_hist": 1,
      "GS_other_hist": 2,
      "GS_minerals_hist": 89,
      "RS_timber_hist": 26,
      "RS_iron_hist": 2,
      "RS_other_hist": 3,
      "RS_minerals_hist": 68
    },
    {
      "date": "1976-01-01",
      "GS_timber_hist": 9,
      "GS_iron_hist": 1,
      "GS_other_hist": 2,
      "GS_minerals_hist": 88,
      "RS_timber_hist": 26,
      "RS_iron_hist": 2,
      "RS_other_hist": 3,
      "RS_minerals_hist": 69
    },
    {
      "date": "1977-01-01",
      "GS_timber_hist": 8,
      "GS_iron_hist": 1,
      "GS_other_hist": 2,
      "GS_minerals_hist": 89,
      "RS_timber_hist": 25,
      "RS_iron_hist": 2,
      "RS_other_hist": 3,
      "RS_minerals_hist": 70
    },
    {
      "date": "1978-01-01",
      "GS_timber_hist": 8,
      "GS_iron_hist": 1,
      "GS_other_hist": 2,
      "GS_minerals_hist": 89,
      "RS_timber_hist": 24,
      "RS_iron_hist": 2,
      "RS_other_hist": 3,
      "RS_minerals_hist": 71
    },
    {
      "date": "1979-01-01",
      "GS_timber_hist": 8,
      "GS_iron_hist": 1,
      "GS_other_hist": 2,
      "GS_minerals_hist": 89,
      "RS_timber_hist": 24,
      "RS_iron_hist": 2,
      "RS_other_hist": 2,
      "RS_minerals_hist": 71
    },
    {
      "date": "1980-01-01",
      "GS_timber_hist": 9,
      "GS_iron_hist": 1,
      "GS_other_hist": 2,
      "GS_minerals_hist": 89,
      "RS_timber_hist": 23,
      "RS_iron_hist": 2,
      "RS_other_hist": 2,
      "RS_minerals_hist": 72
    },
    {
      "date": "1981-01-01",
      "GS_timber_hist": 9,
      "GS_iron_hist": 1,
      "GS_other_hist": 2,
      "GS_minerals_hist": 88,
      "RS_timber_hist": 23,
      "RS_iron_hist": 2,
      "RS_other_hist": 2,
      "RS_minerals_hist": 73
    },
    {
      "date": "1982-01-01",
      "GS_timber_hist": 9,
      "GS_iron_hist": 1,
      "GS_other_hist": 2,
      "GS_minerals_hist": 88,
      "RS_timber_hist": 22,
      "RS_iron_hist": 2,
      "RS_other_hist": 2,
      "RS_minerals_hist": 73
    },
    {
      "date": "1983-01-01",
      "GS_timber_hist": 10,
      "GS_iron_hist": 1,
      "GS_other_hist": 2,
      "GS_minerals_hist": 88,
      "RS_timber_hist": 21,
      "RS_iron_hist": 2,
      "RS_other_hist": 2,
      "RS_minerals_hist": 74
    },
    {
      "date": "1984-01-01",
      "GS_timber_hist": 9,
      "GS_iron_hist": 1,
      "GS_other_hist": 1,
      "GS_minerals_hist": 88,
      "RS_timber_hist": 21,
      "RS_iron_hist": 2,
      "RS_other_hist": 2,
      "RS_minerals_hist": 75
    },
    {
      "date": "1985-01-01",
      "GS_timber_hist": 9,
      "GS_iron_hist": 1,
      "GS_other_hist": 1,
      "GS_minerals_hist": 89,
      "RS_timber_hist": 20,
      "RS_iron_hist": 2,
      "RS_other_hist": 2,
      "RS_minerals_hist": 75
    },
    {
      "date": "1986-01-01",
      "GS_timber_hist": 10,
      "GS_iron_hist": 1,
      "GS_other_hist": 1,
      "GS_minerals_hist": 89,
      "RS_timber_hist": 20,
      "RS_iron_hist": 2,
      "RS_other_hist": 2,
      "RS_minerals_hist": 76
    },
    {
      "date": "1987-01-01",
      "GS_timber_hist": 9,
      "GS_iron_hist": 1,
      "GS_other_hist": 1,
      "GS_minerals_hist": 89,
      "RS_timber_hist": 19,
      "RS_iron_hist": 2,
      "RS_other_hist": 2,
      "RS_minerals_hist": 76
    },
    {
      "date": "1988-01-01",
      "GS_timber_hist": 9,
      "GS_iron_hist": 1,
      "GS_other_hist": 1,
      "GS_minerals_hist": 89,
      "RS_timber_hist": 19,
      "RS_iron_hist": 2,
      "RS_other_hist": 2,
      "RS_minerals_hist": 77
    },
    {
      "date": "1989-01-01",
      "GS_timber_hist": 9,
      "GS_iron_hist": 1,
      "GS_other_hist": 1,
      "GS_minerals_hist": 89,
      "RS_timber_hist": 19,
      "RS_iron_hist": 2,
      "RS_other_hist": 2,
      "RS_minerals_hist": 77
    },
    {
      "date": "1990-01-01",
      "GS_timber_hist": 9,
      "GS_iron_hist": 1,
      "GS_other_hist": 1,
      "GS_minerals_hist": 89,
      "RS_timber_hist": 18,
      "RS_iron_hist": 2,
      "RS_other_hist": 2,
      "RS_minerals_hist": 78
    },
    {
      "date": "1991-01-01",
      "GS_timber_hist": 9,
      "GS_iron_hist": 1,
      "GS_other_hist": 2,
      "GS_minerals_hist": 89,
      "RS_timber_hist": 18,
      "RS_iron_hist": 2,
      "RS_other_hist": 2,
      "RS_minerals_hist": 78
    },
    {
      "date": "1992-01-01",
      "GS_timber_hist": 9,
      "GS_iron_hist": 1,
      "GS_other_hist": 2,
      "GS_minerals_hist": 89,
      "RS_timber_hist": 17,
      "RS_iron_hist": 2,
      "RS_other_hist": 2,
      "RS_minerals_hist": 79
    },
    {
      "date": "1993-01-01",
      "GS_timber_hist": 9,
      "GS_iron_hist": 1,
      "GS_other_hist": 2,
      "GS_minerals_hist": 89,
      "RS_timber_hist": 17,
      "RS_iron_hist": 2,
      "RS_other_hist": 2,
      "RS_minerals_hist": 79
    },
    {
      "date": "1994-01-01",
      "GS_timber_hist": 9,
      "GS_iron_hist": 1,
      "GS_other_hist": 2,
      "GS_minerals_hist": 89,
      "RS_timber_hist": 16,
      "RS_iron_hist": 2,
      "RS_other_hist": 2,
      "RS_minerals_hist": 80
    },
    {
      "date": "1995-01-01",
      "GS_timber_hist": 8,
      "GS_iron_hist": 1,
      "GS_other_hist": 2,
      "GS_minerals_hist": 89,
      "RS_timber_hist": 16,
      "RS_iron_hist": 2,
      "RS_other_hist": 2,
      "RS_minerals_hist": 80
    },
    {
      "date": "1996-01-01",
      "GS_timber_hist": 8,
      "GS_iron_hist": 1,
      "GS_other_hist": 2,
      "GS_minerals_hist": 89,
      "RS_timber_hist": 16,
      "RS_iron_hist": 2,
      "RS_other_hist": 2,
      "RS_minerals_hist": 81
    },
    {
      "date": "1997-01-01",
      "GS_timber_hist": 8,
      "GS_iron_hist": 1,
      "GS_other_hist": 2,
      "GS_minerals_hist": 90,
      "RS_timber_hist": 15,
      "RS_iron_hist": 2,
      "RS_other_hist": 2,
      "RS_minerals_hist": 81
    },
    {
      "date": "1998-01-01",
      "GS_timber_hist": 8,
      "GS_iron_hist": 1,
      "GS_other_hist": 2,
      "GS_minerals_hist": 90,
      "RS_timber_hist": 15,
      "RS_iron_hist": 2,
      "RS_other_hist": 2,
      "RS_minerals_hist": 81
    },
    {
      "date": "1999-01-01",
      "GS_timber_hist": 8,
      "GS_iron_hist": 1,
      "GS_other_hist": 1,
      "GS_minerals_hist": 90,
      "RS_timber_hist": 15,
      "RS_iron_hist": 2,
      "RS_other_hist": 2,
      "RS_minerals_hist": 82
    },
    {
      "date": "2000-01-01",
      "GS_timber_hist": 8,
      "GS_iron_hist": 1,
      "GS_other_hist": 1,
      "GS_minerals_hist": 91,
      "RS_timber_hist": 14,
      "RS_iron_hist": 2,
      "RS_other_hist": 2,
      "RS_minerals_hist": 82
    },
    {
      "date": "2001-01-01",
      "GS_timber_hist": 7,
      "GS_iron_hist": 0,
      "GS_other_hist": 1,
      "GS_minerals_hist": 91,
      "RS_timber_hist": 14,
      "RS_iron_hist": 2,
      "RS_other_hist": 2,
      "RS_minerals_hist": 82
    },
    {
      "date": "2002-01-01",
      "GS_timber_hist": 8,
      "GS_iron_hist": 1,
      "GS_other_hist": 1,
      "GS_minerals_hist": 91,
      "RS_timber_hist": 14,
      "RS_iron_hist": 2,
      "RS_other_hist": 2,
      "RS_minerals_hist": 83
    },
    {
      "date": "2003-01-01",
      "GS_timber_hist": 8,
      "GS_iron_hist": 0,
      "GS_other_hist": 1,
      "GS_minerals_hist": 91,
      "RS_timber_hist": 13,
      "RS_iron_hist": 2,
      "RS_other_hist": 2,
      "RS_minerals_hist": 83
    },
    {
      "date": "2004-01-01",
      "GS_timber_hist": 7,
      "GS_iron_hist": 1,
      "GS_other_hist": 1,
      "GS_minerals_hist": 91,
      "RS_timber_hist": 13,
      "RS_iron_hist": 2,
      "RS_other_hist": 2,
      "RS_minerals_hist": 83
    },
    {
      "date": "2005-01-01",
      "GS_timber_hist": 7,
      "GS_iron_hist": 0,
      "GS_other_hist": 1,
      "GS_minerals_hist": 92,
      "GS_timber_sc1": 7,
      "GS_iron_sc1": 0,
      "GS_other_sc1": 1,
      "GS_minerals_sc1": 92,
      "GS_timber_sc2": 7,
      "GS_iron_sc2": 0,
      "GS_other_sc2": 1,
      "GS_minerals_sc2": 92,
      "RS_timber_hist": 13,
      "RS_iron_hist": 1,
      "RS_other_hist": 2,
      "RS_minerals_hist": 84,
      "RS_timber_sc1": 13,
      "RS_iron_sc1": 1,
      "RS_other_sc1": 2,
      "RS_minerals_sc1": 84,
      "RS_timber_sc2": 13,
      "RS_iron_sc2": 1,
      "RS_other_sc2": 2,
      "RS_minerals_sc2": 84
    },
    {
      "date": "2006-01-01",
      "GS_timber_sc1": 8,
      "GS_iron_sc1": 1,
      "GS_other_sc1": 1,
      "GS_minerals_sc1": 91,
      "GS_timber_sc2": 7,
      "GS_iron_sc2": 0,
      "GS_other_sc2": 1,
      "GS_minerals_sc2": 92,
      "RS_timber_sc1": 13,
      "RS_iron_sc1": 1,
      "RS_other_sc1": 2,
      "RS_minerals_sc1": 84,
      "RS_timber_sc2": 13,
      "RS_iron_sc2": 1,
      "RS_other_sc2": 2,
      "RS_minerals_sc2": 84
    },
    {
      "date": "2007-01-01",
      "GS_timber_sc1": 8,
      "GS_iron_sc1": 1,
      "GS_other_sc1": 1,
      "GS_minerals_sc1": 91,
      "GS_timber_sc2": 7,
      "GS_iron_sc2": 0,
      "GS_other_sc2": 1,
      "GS_minerals_sc2": 92,
      "RS_timber_sc1": 12,
      "RS_iron_sc1": 1,
      "RS_other_sc1": 2,
      "RS_minerals_sc1": 84,
      "RS_timber_sc2": 12,
      "RS_iron_sc2": 1,
      "RS_other_sc2": 2,
      "RS_minerals_sc2": 84
    },
    {
      "date": "2008-01-01",
      "GS_timber_sc1": 8,
      "GS_iron_sc1": 1,
      "GS_other_sc1": 1,
      "GS_minerals_sc1": 91,
      "GS_timber_sc2": 7,
      "GS_iron_sc2": 0,
      "GS_other_sc2": 1,
      "GS_minerals_sc2": 92,
      "RS_timber_sc1": 12,
      "RS_iron_sc1": 1,
      "RS_other_sc1": 2,
      "RS_minerals_sc1": 85,
      "RS_timber_sc2": 12,
      "RS_iron_sc2": 1,
      "RS_other_sc2": 2,
      "RS_minerals_sc2": 85
    },
    {
      "date": "2009-01-01",
      "GS_timber_sc1": 8,
      "GS_iron_sc1": 1,
      "GS_other_sc1": 1,
      "GS_minerals_sc1": 91,
      "GS_timber_sc2": 7,
      "GS_iron_sc2": 0,
      "GS_other_sc2": 1,
      "GS_minerals_sc2": 92,
      "RS_timber_sc1": 12,
      "RS_iron_sc1": 1,
      "RS_other_sc1": 2,
      "RS_minerals_sc1": 85,
      "RS_timber_sc2": 12,
      "RS_iron_sc2": 1,
      "RS_other_sc2": 2,
      "RS_minerals_sc2": 85
    },
    {
      "date": "2010-01-01",
      "GS_timber_sc1": 8,
      "GS_iron_sc1": 1,
      "GS_other_sc1": 1,
      "GS_minerals_sc1": 91,
      "GS_timber_sc2": 7,
      "GS_iron_sc2": 0,
      "GS_other_sc2": 1,
      "GS_minerals_sc2": 92,
      "RS_timber_sc1": 12,
      "RS_iron_sc1": 1,
      "RS_other_sc1": 2,
      "RS_minerals_sc1": 85,
      "RS_timber_sc2": 12,
      "RS_iron_sc2": 1,
      "RS_other_sc2": 2,
      "RS_minerals_sc2": 85
    },
    {
      "date": "2011-01-01",
      "GS_timber_sc1": 8,
      "GS_iron_sc1": 1,
      "GS_other_sc1": 1,
      "GS_minerals_sc1": 91,
      "GS_timber_sc2": 7,
      "GS_iron_sc2": 0,
      "GS_other_sc2": 1,
      "GS_minerals_sc2": 92,
      "RS_timber_sc1": 12,
      "RS_iron_sc1": 1,
      "RS_other_sc1": 2,
      "RS_minerals_sc1": 85,
      "RS_timber_sc2": 12,
      "RS_iron_sc2": 1,
      "RS_other_sc2": 2,
      "RS_minerals_sc2": 85
    },
    {
      "date": "2012-01-01",
      "GS_timber_sc1": 8,
      "GS_iron_sc1": 1,
      "GS_other_sc1": 1,
      "GS_minerals_sc1": 91,
      "GS_timber_sc2": 7,
      "GS_iron_sc2": 0,
      "GS_other_sc2": 1,
      "GS_minerals_sc2": 92,
      "RS_timber_sc1": 11,
      "RS_iron_sc1": 1,
      "RS_other_sc1": 2,
      "RS_minerals_sc1": 86,
      "RS_timber_sc2": 11,
      "RS_iron_sc2": 1,
      "RS_other_sc2": 2,
      "RS_minerals_sc2": 86
    },
    {
      "date": "2013-01-01",
      "GS_timber_sc1": 8,
      "GS_iron_sc1": 1,
      "GS_other_sc1": 1,
      "GS_minerals_sc1": 91,
      "GS_timber_sc2": 7,
      "GS_iron_sc2": 0,
      "GS_other_sc2": 1,
      "GS_minerals_sc2": 92,
      "RS_timber_sc1": 11,
      "RS_iron_sc1": 1,
      "RS_other_sc1": 2,
      "RS_minerals_sc1": 86,
      "RS_timber_sc2": 11,
      "RS_iron_sc2": 1,
      "RS_other_sc2": 2,
      "RS_minerals_sc2": 86
    },
    {
      "date": "2014-01-01",
      "GS_timber_sc1": 8,
      "GS_iron_sc1": 1,
      "GS_other_sc1": 1,
      "GS_minerals_sc1": 91,
      "GS_timber_sc2": 7,
      "GS_iron_sc2": 0,
      "GS_other_sc2": 1,
      "GS_minerals_sc2": 92,
      "RS_timber_sc1": 11,
      "RS_iron_sc1": 1,
      "RS_other_sc1": 2,
      "RS_minerals_sc1": 86,
      "RS_timber_sc2": 11,
      "RS_iron_sc2": 1,
      "RS_other_sc2": 2,
      "RS_minerals_sc2": 86
    },
    {
      "date": "2015-01-01",
      "GS_timber_sc1": 8,
      "GS_iron_sc1": 1,
      "GS_other_sc1": 1,
      "GS_minerals_sc1": 91,
      "GS_timber_sc2": 7,
      "GS_iron_sc2": 0,
      "GS_other_sc2": 1,
      "GS_minerals_sc2": 92,
      "RS_timber_sc1": 11,
      "RS_iron_sc1": 1,
      "RS_other_sc1": 2,
      "RS_minerals_sc1": 86,
      "RS_timber_sc2": 11,
      "RS_iron_sc2": 1,
      "RS_other_sc2": 2,
      "RS_minerals_sc2": 86
    },
    {
      "date": "2016-01-01",
      "GS_timber_sc1": 8,
      "GS_iron_sc1": 1,
      "GS_other_sc1": 1,
      "GS_minerals_sc1": 91,
      "GS_timber_sc2": 7,
      "GS_iron_sc2": 0,
      "GS_other_sc2": 1,
      "GS_minerals_sc2": 92,
      "RS_timber_sc1": 11,
      "RS_iron_sc1": 1,
      "RS_other_sc1": 2,
      "RS_minerals_sc1": 86,
      "RS_timber_sc2": 11,
      "RS_iron_sc2": 1,
      "RS_other_sc2": 2,
      "RS_minerals_sc2": 86
    },
    {
      "date": "2017-01-01",
      "GS_timber_sc1": 8,
      "GS_iron_sc1": 1,
      "GS_other_sc1": 1,
      "GS_minerals_sc1": 91,
      "GS_timber_sc2": 7,
      "GS_iron_sc2": 0,
      "GS_other_sc2": 1,
      "GS_minerals_sc2": 92,
      "RS_timber_sc1": 11,
      "RS_iron_sc1": 1,
      "RS_other_sc1": 2,
      "RS_minerals_sc1": 86,
      "RS_timber_sc2": 11,
      "RS_iron_sc2": 1,
      "RS_other_sc2": 2,
      "RS_minerals_sc2": 86
    },
    {
      "date": "2018-01-01",
      "GS_timber_sc1": 8,
      "GS_iron_sc1": 1,
      "GS_other_sc1": 1,
      "GS_minerals_sc1": 91,
      "GS_timber_sc2": 7,
      "GS_iron_sc2": 0,
      "GS_other_sc2": 1,
      "GS_minerals_sc2": 92,
      "RS_timber_sc1": 11,
      "RS_iron_sc1": 1,
      "RS_other_sc1": 2,
      "RS_minerals_sc1": 87,
      "RS_timber_sc2": 11,
      "RS_iron_sc2": 1,
      "RS_other_sc2": 2,
      "RS_minerals_sc2": 87
    },
    {
      "date": "2019-01-01",
      "GS_timber_sc1": 8,
      "GS_iron_sc1": 1,
      "GS_other_sc1": 1,
      "GS_minerals_sc1": 91,
      "GS_timber_sc2": 7,
      "GS_iron_sc2": 0,
      "GS_other_sc2": 1,
      "GS_minerals_sc2": 92,
      "RS_timber_sc1": 11,
      "RS_iron_sc1": 1,
      "RS_other_sc1": 2,
      "RS_minerals_sc1": 87,
      "RS_timber_sc2": 10,
      "RS_iron_sc2": 1,
      "RS_other_sc2": 2,
      "RS_minerals_sc2": 87
    },
    {
      "date": "2020-01-01",
      "GS_timber_sc1": 8,
      "GS_iron_sc1": 1,
      "GS_other_sc1": 1,
      "GS_minerals_sc1": 91,
      "GS_timber_sc2": 7,
      "GS_iron_sc2": 0,
      "GS_other_sc2": 1,
      "GS_minerals_sc2": 92,
      "RS_timber_sc1": 10,
      "RS_iron_sc1": 1,
      "RS_other_sc1": 2,
      "RS_minerals_sc1": 87,
      "RS_timber_sc2": 10,
      "RS_iron_sc2": 1,
      "RS_other_sc2": 2,
      "RS_minerals_sc2": 87
    },
    {
      "date": "2021-01-01",
      "GS_timber_sc1": 8,
      "GS_iron_sc1": 1,
      "GS_other_sc1": 1,
      "GS_minerals_sc1": 91,
      "GS_timber_sc2": 7,
      "GS_iron_sc2": 0,
      "GS_other_sc2": 1,
      "GS_minerals_sc2": 92,
      "RS_timber_sc1": 10,
      "RS_iron_sc1": 1,
      "RS_other_sc1": 2,
      "RS_minerals_sc1": 87,
      "RS_timber_sc2": 10,
      "RS_iron_sc2": 1,
      "RS_other_sc2": 2,
      "RS_minerals_sc2": 87
    },
    {
      "date": "2022-01-01",
      "GS_timber_sc1": 8,
      "GS_iron_sc1": 1,
      "GS_other_sc1": 1,
      "GS_minerals_sc1": 91,
      "GS_timber_sc2": 7,
      "GS_iron_sc2": 0,
      "GS_other_sc2": 1,
      "GS_minerals_sc2": 92,
      "RS_timber_sc1": 10,
      "RS_iron_sc1": 1,
      "RS_other_sc1": 2,
      "RS_minerals_sc1": 87,
      "RS_timber_sc2": 10,
      "RS_iron_sc2": 1,
      "RS_other_sc2": 2,
      "RS_minerals_sc2": 87
    },
    {
      "date": "2023-01-01",
      "GS_timber_sc1": 8,
      "GS_iron_sc1": 1,
      "GS_other_sc1": 1,
      "GS_minerals_sc1": 91,
      "GS_timber_sc2": 7,
      "GS_iron_sc2": 0,
      "GS_other_sc2": 1,
      "GS_minerals_sc2": 92,
      "RS_timber_sc1": 10,
      "RS_iron_sc1": 1,
      "RS_other_sc1": 2,
      "RS_minerals_sc1": 87,
      "RS_timber_sc2": 10,
      "RS_iron_sc2": 1,
      "RS_other_sc2": 2,
      "RS_minerals_sc2": 87
    },
    {
      "date": "2024-01-01",
      "GS_timber_sc1": 8,
      "GS_iron_sc1": 1,
      "GS_other_sc1": 1,
      "GS_minerals_sc1": 91,
      "GS_timber_sc2": 7,
      "GS_iron_sc2": 0,
      "GS_other_sc2": 1,
      "GS_minerals_sc2": 92,
      "RS_timber_sc1": 10,
      "RS_iron_sc1": 1,
      "RS_other_sc1": 2,
      "RS_minerals_sc1": 87,
      "RS_timber_sc2": 10,
      "RS_iron_sc2": 1,
      "RS_other_sc2": 2,
      "RS_minerals_sc2": 87
    },
    {
      "date": "2025-01-01",
      "GS_timber_sc1": 8,
      "GS_iron_sc1": 1,
      "GS_other_sc1": 1,
      "GS_minerals_sc1": 91,
      "GS_timber_sc2": 7,
      "GS_iron_sc2": 0,
      "GS_other_sc2": 1,
      "GS_minerals_sc2": 92,
      "RS_timber_sc1": 10,
      "RS_iron_sc1": 1,
      "RS_other_sc1": 2,
      "RS_minerals_sc1": 88,
      "RS_timber_sc2": 10,
      "RS_iron_sc2": 1,
      "RS_other_sc2": 2,
      "RS_minerals_sc2": 88
    },
    {
      "date": "2026-01-01",
      "GS_timber_sc1": 8,
      "GS_iron_sc1": 1,
      "GS_other_sc1": 1,
      "GS_minerals_sc1": 91,
      "GS_timber_sc2": 7,
      "GS_iron_sc2": 0,
      "GS_other_sc2": 1,
      "GS_minerals_sc2": 92,
      "RS_timber_sc1": 10,
      "RS_iron_sc1": 1,
      "RS_other_sc1": 2,
      "RS_minerals_sc1": 88,
      "RS_timber_sc2": 10,
      "RS_iron_sc2": 1,
      "RS_other_sc2": 2,
      "RS_minerals_sc2": 88
    },
    {
      "date": "2027-01-01",
      "GS_timber_sc1": 8,
      "GS_iron_sc1": 1,
      "GS_other_sc1": 1,
      "GS_minerals_sc1": 91,
      "GS_timber_sc2": 7,
      "GS_iron_sc2": 0,
      "GS_other_sc2": 1,
      "GS_minerals_sc2": 92,
      "RS_timber_sc1": 10,
      "RS_iron_sc1": 1,
      "RS_other_sc1": 2,
      "RS_minerals_sc1": 88,
      "RS_timber_sc2": 10,
      "RS_iron_sc2": 1,
      "RS_other_sc2": 1,
      "RS_minerals_sc2": 88
    },
    {
      "date": "2028-01-01",
      "GS_timber_sc1": 8,
      "GS_iron_sc1": 1,
      "GS_other_sc1": 1,
      "GS_minerals_sc1": 91,
      "GS_timber_sc2": 7,
      "GS_iron_sc2": 0,
      "GS_other_sc2": 1,
      "GS_minerals_sc2": 92,
      "RS_timber_sc1": 10,
      "RS_iron_sc1": 1,
      "RS_other_sc1": 2,
      "RS_minerals_sc1": 88,
      "RS_timber_sc2": 10,
      "RS_iron_sc2": 1,
      "RS_other_sc2": 1,
      "RS_minerals_sc2": 88
    },
    {
      "date": "2029-01-01",
      "GS_timber_sc1": 8,
      "GS_iron_sc1": 1,
      "GS_other_sc1": 1,
      "GS_minerals_sc1": 91,
      "GS_timber_sc2": 7,
      "GS_iron_sc2": 0,
      "GS_other_sc2": 1,
      "GS_minerals_sc2": 92,
      "RS_timber_sc1": 10,
      "RS_iron_sc1": 1,
      "RS_other_sc1": 2,
      "RS_minerals_sc1": 88,
      "RS_timber_sc2": 10,
      "RS_iron_sc2": 1,
      "RS_other_sc2": 1,
      "RS_minerals_sc2": 88
    },
    {
      "date": "2030-01-01",
      "GS_timber_sc1": 8,
      "GS_iron_sc1": 1,
      "GS_other_sc1": 1,
      "GS_minerals_sc1": 91,
      "GS_timber_sc2": 7,
      "GS_iron_sc2": 0,
      "GS_other_sc2": 1,
      "GS_minerals_sc2": 92,
      "RS_timber_sc1": 10,
      "RS_iron_sc1": 1,
      "RS_other_sc1": 1,
      "RS_minerals_sc1": 88,
      "RS_timber_sc2": 10,
      "RS_iron_sc2": 1,
      "RS_other_sc2": 1,
      "RS_minerals_sc2": 88
    },
    {
      "date": "2031-01-01",
      "GS_timber_sc1": 8,
      "GS_iron_sc1": 1,
      "GS_other_sc1": 1,
      "GS_minerals_sc1": 91,
      "GS_timber_sc2": 7,
      "GS_iron_sc2": 0,
      "GS_other_sc2": 1,
      "GS_minerals_sc2": 92,
      "RS_timber_sc1": 10,
      "RS_iron_sc1": 1,
      "RS_other_sc1": 1,
      "RS_minerals_sc1": 88,
      "RS_timber_sc2": 10,
      "RS_iron_sc2": 1,
      "RS_other_sc2": 1,
      "RS_minerals_sc2": 88
    },
    {
      "date": "2032-01-01",
      "GS_timber_sc1": 8,
      "GS_iron_sc1": 1,
      "GS_other_sc1": 1,
      "GS_minerals_sc1": 91,
      "GS_timber_sc2": 7,
      "GS_iron_sc2": 0,
      "GS_other_sc2": 1,
      "GS_minerals_sc2": 92,
      "RS_timber_sc1": 9,
      "RS_iron_sc1": 1,
      "RS_other_sc1": 1,
      "RS_minerals_sc1": 88,
      "RS_timber_sc2": 9,
      "RS_iron_sc2": 1,
      "RS_other_sc2": 1,
      "RS_minerals_sc2": 88
    },
    {
      "date": "2033-01-01",
      "GS_timber_sc1": 8,
      "GS_iron_sc1": 1,
      "GS_other_sc1": 1,
      "GS_minerals_sc1": 91,
      "GS_timber_sc2": 7,
      "GS_iron_sc2": 0,
      "GS_other_sc2": 1,
      "GS_minerals_sc2": 92,
      "RS_timber_sc1": 9,
      "RS_iron_sc1": 1,
      "RS_other_sc1": 1,
      "RS_minerals_sc1": 88,
      "RS_timber_sc2": 9,
      "RS_iron_sc2": 1,
      "RS_other_sc2": 1,
      "RS_minerals_sc2": 88
    },
    {
      "date": "2034-01-01",
      "GS_timber_sc1": 8,
      "GS_iron_sc1": 1,
      "GS_other_sc1": 1,
      "GS_minerals_sc1": 91,
      "GS_timber_sc2": 7,
      "GS_iron_sc2": 0,
      "GS_other_sc2": 1,
      "GS_minerals_sc2": 92,
      "RS_timber_sc1": 9,
      "RS_iron_sc1": 1,
      "RS_other_sc1": 1,
      "RS_minerals_sc1": 88,
      "RS_timber_sc2": 9,
      "RS_iron_sc2": 1,
      "RS_other_sc2": 1,
      "RS_minerals_sc2": 88
    },
    {
      "date": "2035-01-01",
      "GS_timber_sc1": 8,
      "GS_iron_sc1": 1,
      "GS_other_sc1": 1,
      "GS_minerals_sc1": 91,
      "GS_timber_sc2": 7,
      "GS_iron_sc2": 0,
      "GS_other_sc2": 1,
      "GS_minerals_sc2": 92,
      "RS_timber_sc1": 9,
      "RS_iron_sc1": 1,
      "RS_other_sc1": 1,
      "RS_minerals_sc1": 88,
      "RS_timber_sc2": 9,
      "RS_iron_sc2": 1,
      "RS_other_sc2": 1,
      "RS_minerals_sc2": 89
    },
    {
      "date": "2036-01-01",
      "GS_timber_sc1": 8,
      "GS_iron_sc1": 1,
      "GS_other_sc1": 1,
      "GS_minerals_sc1": 91,
      "GS_timber_sc2": 7,
      "GS_iron_sc2": 0,
      "GS_other_sc2": 1,
      "GS_minerals_sc2": 92,
      "RS_timber_sc1": 9,
      "RS_iron_sc1": 1,
      "RS_other_sc1": 1,
      "RS_minerals_sc1": 89,
      "RS_timber_sc2": 9,
      "RS_iron_sc2": 1,
      "RS_other_sc2": 1,
      "RS_minerals_sc2": 89
    },
    {
      "date": "2037-01-01",
      "GS_timber_sc1": 8,
      "GS_iron_sc1": 1,
      "GS_other_sc1": 1,
      "GS_minerals_sc1": 91,
      "GS_timber_sc2": 7,
      "GS_iron_sc2": 0,
      "GS_other_sc2": 1,
      "GS_minerals_sc2": 92,
      "RS_timber_sc1": 9,
      "RS_iron_sc1": 1,
      "RS_other_sc1": 1,
      "RS_minerals_sc1": 89,
      "RS_timber_sc2": 9,
      "RS_iron_sc2": 1,
      "RS_other_sc2": 1,
      "RS_minerals_sc2": 89
    },
    {
      "date": "2038-01-01",
      "GS_timber_sc1": 8,
      "GS_iron_sc1": 1,
      "GS_other_sc1": 1,
      "GS_minerals_sc1": 91,
      "GS_timber_sc2": 7,
      "GS_iron_sc2": 0,
      "GS_other_sc2": 1,
      "GS_minerals_sc2": 92,
      "RS_timber_sc1": 9,
      "RS_iron_sc1": 1,
      "RS_other_sc1": 1,
      "RS_minerals_sc1": 89,
      "RS_timber_sc2": 9,
      "RS_iron_sc2": 1,
      "RS_other_sc2": 1,
      "RS_minerals_sc2": 89
    },
    {
      "date": "2039-01-01",
      "GS_timber_sc1": 8,
      "GS_iron_sc1": 1,
      "GS_other_sc1": 1,
      "GS_minerals_sc1": 91,
      "GS_timber_sc2": 7,
      "GS_iron_sc2": 0,
      "GS_other_sc2": 1,
      "GS_minerals_sc2": 92,
      "RS_timber_sc1": 9,
      "RS_iron_sc1": 1,
      "RS_other_sc1": 1,
      "RS_minerals_sc1": 89,
      "RS_timber_sc2": 9,
      "RS_iron_sc2": 1,
      "RS_other_sc2": 1,
      "RS_minerals_sc2": 89
    },
    {
      "date": "2040-01-01",
      "GS_timber_sc1": 8,
      "GS_iron_sc1": 1,
      "GS_other_sc1": 1,
      "GS_minerals_sc1": 91,
      "GS_timber_sc2": 7,
      "GS_iron_sc2": 0,
      "GS_other_sc2": 1,
      "GS_minerals_sc2": 92,
      "RS_timber_sc1": 9,
      "RS_iron_sc1": 1,
      "RS_other_sc1": 1,
      "RS_minerals_sc1": 89,
      "RS_timber_sc2": 9,
      "RS_iron_sc2": 1,
      "RS_other_sc2": 1,
      "RS_minerals_sc2": 89
    },
    {
      "date": "2041-01-01",
      "GS_timber_sc1": 8,
      "GS_iron_sc1": 1,
      "GS_other_sc1": 1,
      "GS_minerals_sc1": 91,
      "GS_timber_sc2": 7,
      "GS_iron_sc2": 0,
      "GS_other_sc2": 1,
      "GS_minerals_sc2": 92,
      "RS_timber_sc1": 9,
      "RS_iron_sc1": 1,
      "RS_other_sc1": 1,
      "RS_minerals_sc1": 89,
      "RS_timber_sc2": 9,
      "RS_iron_sc2": 1,
      "RS_other_sc2": 1,
      "RS_minerals_sc2": 89
    },
    {
      "date": "2042-01-01",
      "GS_timber_sc1": 8,
      "GS_iron_sc1": 1,
      "GS_other_sc1": 1,
      "GS_minerals_sc1": 91,
      "GS_timber_sc2": 7,
      "GS_iron_sc2": 0,
      "GS_other_sc2": 1,
      "GS_minerals_sc2": 92,
      "RS_timber_sc1": 9,
      "RS_iron_sc1": 1,
      "RS_other_sc1": 1,
      "RS_minerals_sc1": 89,
      "RS_timber_sc2": 9,
      "RS_iron_sc2": 1,
      "RS_other_sc2": 1,
      "RS_minerals_sc2": 89
    },
    {
      "date": "2043-01-01",
      "GS_timber_sc1": 8,
      "GS_iron_sc1": 1,
      "GS_other_sc1": 1,
      "GS_minerals_sc1": 91,
      "GS_timber_sc2": 7,
      "GS_iron_sc2": 0,
      "GS_other_sc2": 1,
      "GS_minerals_sc2": 92,
      "RS_timber_sc1": 9,
      "RS_iron_sc1": 1,
      "RS_other_sc1": 1,
      "RS_minerals_sc1": 89,
      "RS_timber_sc2": 9,
      "RS_iron_sc2": 1,
      "RS_other_sc2": 1,
      "RS_minerals_sc2": 89
    },
    {
      "date": "2044-01-01",
      "GS_timber_sc1": 8,
      "GS_iron_sc1": 1,
      "GS_other_sc1": 1,
      "GS_minerals_sc1": 91,
      "GS_timber_sc2": 7,
      "GS_iron_sc2": 0,
      "GS_other_sc2": 1,
      "GS_minerals_sc2": 92,
      "RS_timber_sc1": 9,
      "RS_iron_sc1": 1,
      "RS_other_sc1": 1,
      "RS_minerals_sc1": 89,
      "RS_timber_sc2": 9,
      "RS_iron_sc2": 1,
      "RS_other_sc2": 1,
      "RS_minerals_sc2": 89
    },
    {
      "date": "2045-01-01",
      "GS_timber_sc1": 8,
      "GS_iron_sc1": 1,
      "GS_other_sc1": 1,
      "GS_minerals_sc1": 91,
      "GS_timber_sc2": 7,
      "GS_iron_sc2": 0,
      "GS_other_sc2": 1,
      "GS_minerals_sc2": 92,
      "RS_timber_sc1": 9,
      "RS_iron_sc1": 1,
      "RS_other_sc1": 1,
      "RS_minerals_sc1": 89,
      "RS_timber_sc2": 9,
      "RS_iron_sc2": 1,
      "RS_other_sc2": 1,
      "RS_minerals_sc2": 89
    },
    {
      "date": "2046-01-01",
      "GS_timber_sc1": 8,
      "GS_iron_sc1": 1,
      "GS_other_sc1": 1,
      "GS_minerals_sc1": 91,
      "GS_timber_sc2": 7,
      "GS_iron_sc2": 0,
      "GS_other_sc2": 1,
      "GS_minerals_sc2": 92,
      "RS_timber_sc1": 9,
      "RS_iron_sc1": 1,
      "RS_other_sc1": 1,
      "RS_minerals_sc1": 89,
      "RS_timber_sc2": 9,
      "RS_iron_sc2": 1,
      "RS_other_sc2": 1,
      "RS_minerals_sc2": 89
    },
    {
      "date": "2047-01-01",
      "GS_timber_sc1": 8,
      "GS_iron_sc1": 1,
      "GS_other_sc1": 1,
      "GS_minerals_sc1": 91,
      "GS_timber_sc2": 7,
      "GS_iron_sc2": 0,
      "GS_other_sc2": 1,
      "GS_minerals_sc2": 92,
      "RS_timber_sc1": 9,
      "RS_iron_sc1": 1,
      "RS_other_sc1": 1,
      "RS_minerals_sc1": 89,
      "RS_timber_sc2": 9,
      "RS_iron_sc2": 1,
      "RS_other_sc2": 1,
      "RS_minerals_sc2": 90
    },
    {
      "date": "2048-01-01",
      "GS_timber_sc1": 8,
      "GS_iron_sc1": 1,
      "GS_other_sc1": 1,
      "GS_minerals_sc1": 91,
      "GS_timber_sc2": 7,
      "GS_iron_sc2": 0,
      "GS_other_sc2": 1,
      "GS_minerals_sc2": 92,
      "RS_timber_sc1": 9,
      "RS_iron_sc1": 1,
      "RS_other_sc1": 1,
      "RS_minerals_sc1": 89,
      "RS_timber_sc2": 9,
      "RS_iron_sc2": 1,
      "RS_other_sc2": 1,
      "RS_minerals_sc2": 90
    },
    {
      "date": "2049-01-01",
      "GS_timber_sc1": 8,
      "GS_iron_sc1": 1,
      "GS_other_sc1": 1,
      "GS_minerals_sc1": 91,
      "GS_timber_sc2": 7,
      "GS_iron_sc2": 0,
      "GS_other_sc2": 1,
      "GS_minerals_sc2": 92,
      "RS_timber_sc1": 9,
      "RS_iron_sc1": 1,
      "RS_other_sc1": 1,
      "RS_minerals_sc1": 90,
      "RS_timber_sc2": 9,
      "RS_iron_sc2": 1,
      "RS_other_sc2": 1,
      "RS_minerals_sc2": 90
    },
    {
      "date": "2050-01-01",
      "GS_timber_sc1": 8,
      "GS_iron_sc1": 1,
      "GS_other_sc1": 1,
      "GS_minerals_sc1": 91,
      "GS_timber_sc2": 7,
      "GS_iron_sc2": 0,
      "GS_other_sc2": 1,
      "GS_minerals_sc2": 92,
      "RS_timber_sc1": 8,
      "RS_iron_sc1": 1,
      "RS_other_sc1": 1,
      "RS_minerals_sc1": 90,
      "RS_timber_sc2": 9,
      "RS_iron_sc2": 1,
      "RS_other_sc2": 1,
      "RS_minerals_sc2": 90
    }
  ]
}
